Tipo,Ordem,Corrida,Posição,Competidor,Piloto,Equipe,Pontos,Corrida_P1,Corrida_P2,Corrida_P3,Corrida_P4,Corrida_P5,Corrida_P6,Corrida_P7,Corrida_P8,Corrida_P9,Corrida_P10,Corrida_P11,Corrida_P12,Corrida_P13,Corrida_P14,Corrida_P15,Corrida_P16,Corrida_P17,Corrida_P18,Corrida_P19,Corrida_P20,Qualy_P1,Qualy_P2,Qualy_P3,Qualy_P4,Qualy_P5,Qualy_P6,Qualy_P7,Qualy_P8,Qualy_P9,Qualy_P10,Qualy_P11,Qualy_P12,Qualy_P13,Qualy_P14,Qualy_P15,Qualy_P16,Qualy_P17,Qualy_P18,Qualy_P19,Qualy_P20,Qualy_P21,Qualy_P22
Piloto,1,Australia,1,George Russell,George Russell,Mercedes,25,1,0,0,0,0,0,0,0,0,0,0,0,0,0,0,0,0,0,0,0,1,0,0,0,0,0,0,0,0,0,0,0,0,0,0,0,0,0,0,0,0,0
Piloto,1,Australia,2,Kimi Antonelli,Kimi Antonelli,Mercedes,18,0,1,0,0,0,0,0,0,0,0,0,0,0,0,0,0,0,0,0,0,0,1,0,0,0,0,0,0,0,0,0,0,0,0,0,0,0,0,0,0,0,0
Piloto,1,Australia,3,Charles Leclerc,Charles Leclerc,Ferrari,15,0,0,1,0,0,0,0,0,0,0,0,0,0,0,0,0,0,0,0,0,0,0,0,1,0,0,0,0,0,0,0,0,0,0,0,0,0,0,0,0,0,0
Piloto,1,Australia,4,Lewis Hamilton,Lewis Hamilton,Ferrari,12,0,0,0,1,0,0,0,0,0,0,0,0,0,0,0,0,0,0,0,0,0,0,0,0,0,0,1,0,0,0,0,0,0,0,0,0,0,0,0,0,0,0
Piloto,1,Australia,5,Lando Norris,Lando Norris,McLaren Mercedes,10,0,0,0,0,1,0,0,0,0,0,0,0,0,0,0,0,0,0,0,0,0,0,0,0,0,1,0,0,0,0,0,0,0,0,0,0,0,0,0,0,0,0
Piloto,1,Australia,6,Max Verstappen,Max Verstappen,Red Bull Racing Red Bull Ford,8,0,0,0,0,0,1,0,0,0,0,0,0,0,0,0,0,0,0,0,0,0,0,0,0,0,0,0,0,0,0,0,0,0,0,0,0,0,0,0,0,0,0
Piloto,1,Australia,7,Oliver Bearman,Oliver Bearman,Haas Ferrari,6,0,0,0,0,0,0,1,0,0,0,0,0,0,0,0,0,0,0,0,0,0,0,0,0,0,0,0,0,0,0,0,1,0,0,0,0,0,0,0,0,0,0
Piloto,1,Australia,8,Arvid Lindblad,Arvid Lindblad,Racing Bulls Red Bull Ford,4,0,0,0,0,0,0,0,1,0,0,0,0,0,0,0,0,0,0,0,0,0,0,0,0,0,0,0,0,1,0,0,0,0,0,0,0,0,0,0,0,0,0
Piloto,1,Australia,9,Gabriel Bortoleto,Gabriel Bortoleto,Audi,2,0,0,0,0,0,0,0,0,1,0,0,0,0,0,0,0,0,0,0,0,0,0,0,0,0,0,0,0,0,1,0,0,0,0,0,0,0,0,0,0,0,0
Piloto,1,Australia,10,Pierre Gasly,Pierre Gasly,Alpine Mercedes,1,0,0,0,0,0,0,0,0,0,1,0,0,0,0,0,0,0,0,0,0,0,0,0,0,0,0,0,0,0,0,0,0,0,1,0,0,0,0,0,0,0,0
Piloto,1,Australia,11,Esteban Ocon,Esteban Ocon,Haas Ferrari,0,0,0,0,0,0,0,0,0,0,0,1,0,0,0,0,0,0,0,0,0,0,0,0,0,0,0,0,0,0,0,0,0,1,0,0,0,0,0,0,0,0,0
Piloto,1,Australia,12,Alexander Albon,Alexander Albon,Williams Mercedes,0,0,0,0,0,0,0,0,0,0,0,0,1,0,0,0,0,0,0,0,0,0,0,0,0,0,0,0,0,0,0,0,0,0,0,1,0,0,0,0,0,0,0
Piloto,1,Australia,13,Liam Lawson,Liam Lawson,Racing Bulls Red Bull Ford,0,0,0,0,0,0,0,0,0,0,0,0,0,1,0,0,0,0,0,0,0,0,0,0,0,0,0,0,1,0,0,0,0,0,0,0,0,0,0,0,0,0,0
Piloto,1,Australia,14,Franco Colapinto,Franco Colapinto,Alpine Mercedes,0,0,0,0,0,0,0,0,0,0,0,0,0,0,1,0,0,0,0,0,0,0,0,0,0,0,0,0,0,0,0,0,0,0,0,0,1,0,0,0,0,0,0
Piloto,1,Australia,15,Carlos Sainz,Carlos Sainz,Williams Mercedes,0,0,0,0,0,0,0,0,0,0,0,0,0,0,0,1,0,0,0,0,0,0,0,0,0,0,0,0,0,0,0,0,0,0,0,0,0,0,0,0,0,0,0
Piloto,1,Australia,16,Sergio Perez,Sergio Perez,Cadillac Ferrari,0,0,0,0,0,0,0,0,0,0,0,0,0,0,0,0,1,0,0,0,0,0,0,0,0,0,0,0,0,0,0,0,0,0,0,0,0,0,1,0,0,0,0
Piloto,1,Australia,17,Isack Hadjar,Isack Hadjar,Red Bull Racing Red Bull Ford,0,0,0,0,0,0,0,0,0,0,0,0,0,0,0,0,0,0,0,0,0,0,0,1,0,0,0,0,0,0,0,0,0,0,0,0,0,0,0,0,0,0,0
Piloto,1,Australia,18,Oscar Piastri,Oscar Piastri,McLaren Mercedes,0,0,0,0,0,0,0,0,0,0,0,0,0,0,0,0,0,0,0,0,0,0,0,0,0,1,0,0,0,0,0,0,0,0,0,0,0,0,0,0,0,0,0
Piloto,1,Australia,19,Nico Hulkenberg,Nico Hulkenberg,Audi,0,0,0,0,0,0,0,0,0,0,0,0,0,0,0,0,0,0,0,0,0,0,0,0,0,0,0,0,0,0,0,1,0,0,0,0,0,0,0,0,0,0,0
Piloto,1,Australia,20,Fernando Alonso,Fernando Alonso,Aston Martin Honda,0,0,0,0,0,0,0,0,0,0,0,0,0,0,0,0,0,0,0,0,0,0,0,0,0,0,0,0,0,0,0,0,0,0,0,0,0,1,0,0,0,0,0
Piloto,1,Australia,21,Valtteri Bottas,Valtteri Bottas,Cadillac Ferrari,0,0,0,0,0,0,0,0,0,0,0,0,0,0,0,0,0,0,0,0,0,0,0,0,0,0,0,0,0,0,0,0,0,0,0,0,0,0,0,1,0,0,0
Piloto,1,Australia,22,Lance Stroll,Lance Stroll,Aston Martin Honda,0,0,0,0,0,0,0,0,0,0,0,0,0,0,0,0,0,0,0,0,0,0,0,0,0,0,0,0,0,0,0,0,0,0,0,0,0,0,0,0,0,0,0
Equipe,1,Australia,1,Mercedes,,Mercedes,43,1,1,0,0,0,0,0,0,0,0,0,0,0,0,0,0,0,0,0,0,1,1,0,0,0,0,0,0,0,0,0,0,0,0,0,0,0,0,0,0,0,0
Equipe,1,Australia,2,Ferrari,,Ferrari,27,0,0,1,1,0,0,0,0,0,0,0,0,0,0,0,0,0,0,0,0,0,0,0,1,0,0,1,0,0,0,0,0,0,0,0,0,0,0,0,0,0,0
Equipe,1,Australia,3,McLaren Mercedes,,McLaren Mercedes,10,0,0,0,0,1,0,0,0,0,0,0,0,0,0,0,0,0,0,0,0,0,0,0,0,1,1,0,0,0,0,0,0,0,0,0,0,0,0,0,0,0,0
Equipe,1,Australia,4,Red Bull Racing Red Bull Ford,,Red Bull Racing Red Bull Ford,8,0,0,0,0,0,1,0,0,0,0,0,0,0,0,0,0,0,0,0,0,0,0,1,0,0,0,0,0,0,0,0,0,0,0,0,0,0,0,0,0,0,0
Equipe,1,Australia,5,Haas Ferrari,,Haas Ferrari,6,0,0,0,0,0,0,1,0,0,0,1,0,0,0,0,0,0,0,0,0,0,0,0,0,0,0,0,0,0,0,0,1,1,0,0,0,0,0,0,0,0,0
Equipe,1,Australia,6,Racing Bulls Red Bull Ford,,Racing Bulls Red Bull Ford,4,0,0,0,0,0,0,0,1,0,0,0,0,1,0,0,0,0,0,0,0,0,0,0,0,0,0,0,1,1,0,0,0,0,0,0,0,0,0,0,0,0,0
Equipe,1,Australia,7,Audi,,Audi,2,0,0,0,0,0,0,0,0,1,0,0,0,0,0,0,0,0,0,0,0,0,0,0,0,0,0,0,0,0,1,1,0,0,0,0,0,0,0,0,0,0,0
Equipe,1,Australia,8,Alpine Mercedes,,Alpine Mercedes,1,0,0,0,0,0,0,0,0,0,1,0,0,0,1,0,0,0,0,0,0,0,0,0,0,0,0,0,0,0,0,0,0,0,1,0,1,0,0,0,0,0,0
Equipe,1,Australia,9,Williams Mercedes,,Williams Mercedes,0,0,0,0,0,0,0,0,0,0,0,0,1,0,0,1,0,0,0,0,0,0,0,0,0,0,0,0,0,0,0,0,0,0,0,1,0,0,0,0,0,0,0
Equipe,1,Australia,10,Cadillac Ferrari,,Cadillac Ferrari,0,0,0,0,0,0,0,0,0,0,0,0,0,0,0,0,1,0,0,0,0,0,0,0,0,0,0,0,0,0,0,0,0,0,0,0,0,0,1,1,0,0,0
Equipe,1,Australia,11,Aston Martin Honda,,Aston Martin Honda,0,0,0,0,0,0,0,0,0,0,0,0,0,0,0,0,0,0,0,0,0,0,0,0,0,0,0,0,0,0,0,0,0,0,0,0,0,1,0,0,0,0,0
Piloto,2,China,1,George Russell,George Russell,Mercedes,51,1,1,0,0,0,0,0,0,0,0,0,0,0,0,0,0,0,0,0,0,1,1,0,0,0,0,0,0,0,0,0,0,0,0,0,0,0,0,0,0,0,0
Piloto,2,China,2,Kimi Antonelli,Kimi Antonelli,Mercedes,47,1,1,0,0,0,0,0,0,0,0,0,0,0,0,0,0,0,0,0,0,1,1,0,0,0,0,0,0,0,0,0,0,0,0,0,0,0,0,0,0,0,0
Piloto,2,China,3,Charles Leclerc,Charles Leclerc,Ferrari,34,0,0,1,1,0,0,0,0,0,0,0,0,0,0,0,0,0,0,0,0,0,0,0,2,0,0,0,0,0,0,0,0,0,0,0,0,0,0,0,0,0,0
Piloto,2,China,4,Lewis Hamilton,Lewis Hamilton,Ferrari,33,0,0,1,1,0,0,0,0,0,0,0,0,0,0,0,0,0,0,0,0,0,0,1,0,0,0,1,0,0,0,0,0,0,0,0,0,0,0,0,0,0,0
Piloto,2,China,5,Oliver Bearman,Oliver Bearman,Haas Ferrari,17,0,0,0,0,1,0,1,0,0,0,0,0,0,0,0,0,0,0,0,0,0,0,0,0,0,0,0,0,0,1,0,1,0,0,0,0,0,0,0,0,0,0
Piloto,2,China,6,Lando Norris,Lando Norris,McLaren Mercedes,15,0,0,0,0,1,0,0,0,0,0,0,0,0,0,0,0,0,0,0,0,0,0,0,0,0,2,0,0,0,0,0,0,0,0,0,0,0,0,0,0,0,0
Piloto,2,China,7,Pierre Gasly,Pierre Gasly,Alpine Mercedes,9,0,0,0,0,0,1,0,0,0,1,0,0,0,0,0,0,0,0,0,0,0,0,0,0,0,0,1,0,0,0,0,0,0,1,0,0,0,0,0,0,0,0
Piloto,2,China,8,Max Verstappen,Max Verstappen,Red Bull Racing Red Bull Ford,8,0,0,0,0,0,1,0,0,0,0,0,0,0,0,0,0,0,0,0,0,0,0,0,0,0,0,0,1,0,0,0,0,0,0,0,0,0,0,0,0,0,0
Piloto,2,China,9,Liam Lawson,Liam Lawson,Racing Bulls Red Bull Ford,8,0,0,0,0,0,0,1,0,0,0,0,0,1,0,0,0,0,0,0,0,0,0,0,0,0,0,0,1,0,0,0,0,0,1,0,0,0,0,0,0,0,0
Piloto,2,China,10,Arvid Lindblad,Arvid Lindblad,Racing Bulls Red Bull Ford,4,0,0,0,0,0,0,0,1,0,0,0,1,0,0,0,0,0,0,0,0,0,0,0,0,0,0,0,0,1,0,0,0,0,0,1,0,0,0,0,0,0,0
Piloto,2,China,11,Isack Hadjar,Isack Hadjar,Red Bull Racing Red Bull Ford,4,0,0,0,0,0,0,0,1,0,0,0,0,0,0,0,0,0,0,0,0,0,0,1,0,0,0,0,0,1,0,0,0,0,0,0,0,0,0,0,0,0,0
Piloto,2,China,12,Oscar Piastri,Oscar Piastri,McLaren Mercedes,3,0,0,0,0,0,0,0,0,0,0,0,0,0,0,0,0,0,0,0,0,0,0,0,0,2,0,0,0,0,0,0,0,0,0,0,0,0,0,0,0,0,0
Piloto,2,China,13,Carlos Sainz,Carlos Sainz,Williams Mercedes,2,0,0,0,0,0,0,0,0,1,0,0,0,0,0,1,0,0,0,0,0,0,0,0,0,0,0,0,0,0,0,0,0,0,0,0,0,1,0,0,0,0,0
Piloto,2,China,14,Gabriel Bortoleto,Gabriel Bortoleto,Audi,2,0,0,0,0,0,0,0,0,1,0,0,0,0,0,0,0,0,0,0,0,0,0,0,0,0,0,0,0,0,1,0,0,0,0,0,1,0,0,0,0,0,0
Piloto,2,China,15,Franco Colapinto,Franco Colapinto,Alpine Mercedes,1,0,0,0,0,0,0,0,0,0,1,0,0,0,1,0,0,0,0,0,0,0,0,0,0,0,0,0,0,0,0,0,1,0,0,0,1,0,0,0,0,0,0
Piloto,2,China,16,Esteban Ocon,Esteban Ocon,Haas Ferrari,0,0,0,0,0,0,0,0,0,0,0,1,0,0,1,0,0,0,0,0,0,0,0,0,0,0,0,0,0,0,0,0,0,2,0,0,0,0,0,0,0,0,0
Piloto,2,China,17,Nico Hulkenberg,Nico Hulkenberg,Audi,0,0,0,0,0,0,0,0,0,0,0,1,0,0,0,0,0,0,0,0,0,0,0,0,0,0,0,0,0,0,0,2,0,0,0,0,0,0,0,0,0,0,0
Piloto,2,China,18,Alexander Albon,Alexander Albon,Williams Mercedes,0,0,0,0,0,0,0,0,0,0,0,0,1,0,0,0,0,0,0,0,0,0,0,0,0,0,0,0,0,0,0,0,0,0,0,1,0,0,1,0,0,0,0
Piloto,2,China,19,Valtteri Bottas,Valtteri Bottas,Cadillac Ferrari,0,0,0,0,0,0,0,0,0,0,0,0,0,1,0,0,0,0,0,0,0,0,0,0,0,0,0,0,0,0,0,0,0,0,0,0,0,0,0,1,1,0,0
Piloto,2,China,20,Sergio Perez,Sergio Perez,Cadillac Ferrari,0,0,0,0,0,0,0,0,0,0,0,0,0,0,0,1,1,0,0,0,0,0,0,0,0,0,0,0,0,0,0,0,0,0,0,0,0,0,1,0,0,0,1
Piloto,2,China,21,Fernando Alonso,Fernando Alonso,Aston Martin Honda,0,0,0,0,0,0,0,0,0,0,0,0,0,0,0,0,0,0,0,0,0,0,0,0,0,0,0,0,0,0,0,0,0,0,0,0,0,1,0,1,0,0,0
Piloto,2,China,22,Lance Stroll,Lance Stroll,Aston Martin Honda,0,0,0,0,0,0,0,0,0,0,0,0,0,0,0,0,0,0,0,0,0,0,0,0,0,0,0,0,0,0,0,0,0,0,0,0,0,0,0,0,0,1,0
Equipe,2,China,1,Mercedes,,Mercedes,98,2,2,0,0,0,0,0,0,0,0,0,0,0,0,0,0,0,0,0,0,2,2,0,0,0,0,0,0,0,0,0,0,0,0,0,0,0,0,0,0,0,0
Equipe,2,China,2,Ferrari,,Ferrari,67,0,0,2,2,0,0,0,0,0,0,0,0,0,0,0,0,0,0,0,0,0,0,1,2,0,0,1,0,0,0,0,0,0,0,0,0,0,0,0,0,0,0
Equipe,2,China,3,McLaren Mercedes,,McLaren Mercedes,18,0,0,0,0,1,0,0,0,0,0,0,0,0,0,0,0,0,0,0,0,0,0,0,0,2,2,0,0,0,0,0,0,0,0,0,0,0,0,0,0,0,0
Equipe,2,China,4,Haas Ferrari,,Haas Ferrari,17,0,0,0,0,1,0,1,0,0,0,1,0,0,1,0,0,0,0,0,0,0,0,0,0,0,0,0,0,0,1,0,1,2,0,0,0,0,0,0,0,0,0
Equipe,2,China,5,Red Bull Racing Red Bull Ford,,Red Bull Racing Red Bull Ford,12,0,0,0,0,0,1,0,1,0,0,0,0,0,0,0,0,0,0,0,0,0,0,1,0,0,0,0,1,1,0,0,0,0,0,0,0,0,0,0,0,0,0
Equipe,2,China,6,Racing Bulls Red Bull Ford,,Racing Bulls Red Bull Ford,12,0,0,0,0,0,0,1,1,0,0,0,1,1,0,0,0,0,0,0,0,0,0,0,0,0,0,0,1,1,0,0,0,0,1,1,0,0,0,0,0,0,0
Equipe,2,China,7,Alpine Mercedes,,Alpine Mercedes,10,0,0,0,0,0,1,0,0,0,2,0,0,0,1,0,0,0,0,0,0,0,0,0,0,0,0,1,0,0,0,0,1,0,1,0,1,0,0,0,0,0,0
Equipe,2,China,8,Audi,,Audi,2,0,0,0,0,0,0,0,0,1,0,1,0,0,0,0,0,0,0,0,0,0,0,0,0,0,0,0,0,0,1,2,0,0,0,0,1,0,0,0,0,0,0
Equipe,2,China,9,Williams Mercedes,,Williams Mercedes,2,0,0,0,0,0,0,0,0,1,0,0,1,0,0,1,0,0,0,0,0,0,0,0,0,0,0,0,0,0,0,0,0,0,0,1,0,1,1,0,0,0,0
Equipe,2,China,10,Cadillac Ferrari,,Cadillac Ferrari,0,0,0,0,0,0,0,0,0,0,0,0,0,1,0,1,1,0,0,0,0,0,0,0,0,0,0,0,0,0,0,0,0,0,0,0,0,0,1,1,1,0,1
Equipe,2,China,11,Aston Martin Honda,,Aston Martin Honda,0,0,0,0,0,0,0,0,0,0,0,0,0,0,0,0,0,0,0,0,0,0,0,0,0,0,0,0,0,0,0,0,0,0,0,0,0,1,0,1,0,1,0
Piloto,3,Japan,1,Kimi Antonelli,Kimi Antonelli,Mercedes,72,2,1,0,0,0,0,0,0,0,0,0,0,0,0,0,0,0,0,0,0,2,1,0,0,0,0,0,0,0,0,0,0,0,0,0,0,0,0,0,0,0,0
Piloto,3,Japan,2,George Russell,George Russell,Mercedes,63,1,1,0,1,0,0,0,0,0,0,0,0,0,0,0,0,0,0,0,0,1,2,0,0,0,0,0,0,0,0,0,0,0,0,0,0,0,0,0,0,0,0
Piloto,3,Japan,3,Charles Leclerc,Charles Leclerc,Ferrari,49,0,0,2,1,0,0,0,0,0,0,0,0,0,0,0,0,0,0,0,0,0,0,0,3,0,0,0,0,0,0,0,0,0,0,0,0,0,0,0,0,0,0
Piloto,3,Japan,4,Lewis Hamilton,Lewis Hamilton,Ferrari,41,0,0,1,1,0,1,0,0,0,0,0,0,0,0,0,0,0,0,0,0,0,0,1,0,0,1,1,0,0,0,0,0,0,0,0,0,0,0,0,0,0,0
Piloto,3,Japan,5,Lando Norris,Lando Norris,McLaren Mercedes,25,0,0,0,0,2,0,0,0,0,0,0,0,0,0,0,0,0,0,0,0,0,0,0,0,1,2,0,0,0,0,0,0,0,0,0,0,0,0,0,0,0,0
Piloto,3,Japan,6,Oscar Piastri,Oscar Piastri,McLaren Mercedes,21,0,1,0,0,0,0,0,0,0,0,0,0,0,0,0,0,0,0,0,0,0,0,1,0,2,0,0,0,0,0,0,0,0,0,0,0,0,0,0,0,0,0
Piloto,3,Japan,7,Oliver Bearman,Oliver Bearman,Haas Ferrari,17,0,0,0,0,1,0,1,0,0,0,0,0,0,0,0,0,0,0,0,0,0,0,0,0,0,0,0,0,0,1,0,1,0,0,0,0,0,1,0,0,0,0
Piloto,3,Japan,8,Pierre Gasly,Pierre Gasly,Alpine Mercedes,15,0,0,0,0,0,1,1,0,0,1,0,0,0,0,0,0,0,0,0,0,0,0,0,0,0,0,2,0,0,0,0,0,0,1,0,0,0,0,0,0,0,0
Piloto,3,Japan,9,Max Verstappen,Max Verstappen,Red Bull Racing Red Bull Ford,12,0,0,0,0,0,1,0,1,0,0,0,0,0,0,0,0,0,0,0,0,0,0,0,0,0,0,0,1,0,0,1,0,0,0,0,0,0,0,0,0,0,0
Piloto,3,Japan,10,Liam Lawson,Liam Lawson,Racing Bulls Red Bull Ford,10,0,0,0,0,0,0,1,0,1,0,0,0,1,0,0,0,0,0,0,0,0,0,0,0,0,0,0,1,0,0,0,0,0,2,0,0,0,0,0,0,0,0
Piloto,3,Japan,11,Arvid Lindblad,Arvid Lindblad,Racing Bulls Red Bull Ford,4,0,0,0,0,0,0,0,1,0,0,0,1,0,1,0,0,0,0,0,0,0,0,0,0,0,0,0,0,1,1,0,0,0,0,1,0,0,0,0,0,0,0
Piloto,3,Japan,12,Isack Hadjar,Isack Hadjar,Red Bull Racing Red Bull Ford,4,0,0,0,0,0,0,0,1,0,0,0,1,0,0,0,0,0,0,0,0,0,0,1,0,0,0,0,1,1,0,0,0,0,0,0,0,0,0,0,0,0,0
Piloto,3,Japan,13,Gabriel Bortoleto,Gabriel Bortoleto,Audi,2,0,0,0,0,0,0,0,0,1,0,0,0,1,0,0,0,0,0,0,0,0,0,0,0,0,0,0,0,1,1,0,0,0,0,0,1,0,0,0,0,0,0
Piloto,3,Japan,14,Carlos Sainz,Carlos Sainz,Williams Mercedes,2,0,0,0,0,0,0,0,0,1,0,0,0,0,0,2,0,0,0,0,0,0,0,0,0,0,0,0,0,0,0,0,0,0,0,0,1,1,0,0,0,0,0
Piloto,3,Japan,15,Esteban Ocon,Esteban Ocon,Haas Ferrari,1,0,0,0,0,0,0,0,0,0,1,1,0,0,1,0,0,0,0,0,0,0,0,0,0,0,0,0,0,0,0,0,1,2,0,0,0,0,0,0,0,0,0
Piloto,3,Japan,16,Franco Colapinto,Franco Colapinto,Alpine Mercedes,1,0,0,0,0,0,0,0,0,0,1,0,0,0,1,0,1,0,0,0,0,0,0,0,0,0,0,0,0,0,0,0,1,0,0,1,1,0,0,0,0,0,0
Piloto,3,Japan,17,Nico Hulkenberg,Nico Hulkenberg,Audi,0,0,0,0,0,0,0,0,0,0,0,2,0,0,0,0,0,0,0,0,0,0,0,0,0,0,0,0,0,0,0,2,0,1,0,0,0,0,0,0,0,0,0
Piloto,3,Japan,18,Alexander Albon,Alexander Albon,Williams Mercedes,0,0,0,0,0,0,0,0,0,0,0,0,1,0,0,0,0,0,0,0,1,0,0,0,0,0,0,0,0,0,0,0,0,0,0,1,0,1,1,0,0,0,0
Piloto,3,Japan,19,Valtteri Bottas,Valtteri Bottas,Cadillac Ferrari,0,0,0,0,0,0,0,0,0,0,0,0,0,1,0,0,0,0,0,1,0,0,0,0,0,0,0,0,0,0,0,0,0,0,0,0,0,0,0,1,2,0,0
Piloto,3,Japan,20,Sergio Perez,Sergio Perez,Cadillac Ferrari,0,0,0,0,0,0,0,0,0,0,0,0,0,0,0,1,1,1,0,0,0,0,0,0,0,0,0,0,0,0,0,0,0,0,0,0,0,0,1,1,0,0,1
Piloto,3,Japan,21,Fernando Alonso,Fernando Alonso,Aston Martin Honda,0,0,0,0,0,0,0,0,0,0,0,0,0,0,0,0,0,0,1,0,0,0,0,0,0,0,0,0,0,0,0,0,0,0,0,0,0,1,0,1,0,1,0
Piloto,3,Japan,22,Lance Stroll,Lance Stroll,Aston Martin Honda,0,0,0,0,0,0,0,0,0,0,0,0,0,0,0,0,0,0,0,0,0,0,0,0,0,0,0,0,0,0,0,0,0,0,0,0,0,0,0,0,0,1,1
Equipe,3,Japan,1,Mercedes,,Mercedes,135,3,2,0,1,0,0,0,0,0,0,0,0,0,0,0,0,0,0,0,0,3,3,0,0,0,0,0,0,0,0,0,0,0,0,0,0,0,0,0,0,0,0
Equipe,3,Japan,2,Ferrari,,Ferrari,90,0,0,3,2,0,1,0,0,0,0,0,0,0,0,0,0,0,0,0,0,0,0,1,3,0,1,1,0,0,0,0,0,0,0,0,0,0,0,0,0,0,0
Equipe,3,Japan,3,McLaren Mercedes,,McLaren Mercedes,46,0,1,0,0,2,0,0,0,0,0,0,0,0,0,0,0,0,0,0,0,0,0,1,0,3,2,0,0,0,0,0,0,0,0,0,0,0,0,0,0,0,0
Equipe,3,Japan,4,Haas Ferrari,,Haas Ferrari,18,0,0,0,0,1,0,1,0,0,1,1,0,0,1,0,0,0,0,0,0,0,0,0,0,0,0,0,0,0,1,0,2,2,0,0,0,0,1,0,0,0,0
Equipe,3,Japan,5,Alpine Mercedes,,Alpine Mercedes,16,0,0,0,0,0,1,1,0,0,2,0,0,0,1,0,1,0,0,0,0,0,0,0,0,0,0,2,0,0,0,0,1,0,1,1,1,0,0,0,0,0,0
Equipe,3,Japan,6,Red Bull Racing Red Bull Ford,,Red Bull Racing Red Bull Ford,16,0,0,0,0,0,1,0,2,0,0,0,1,0,0,0,0,0,0,0,0,0,0,1,0,0,0,0,2,1,0,1,0,0,0,0,0,0,0,0,0,0,0
Equipe,3,Japan,7,Racing Bulls Red Bull Ford,,Racing Bulls Red Bull Ford,14,0,0,0,0,0,0,1,1,1,0,0,1,1,1,0,0,0,0,0,0,0,0,0,0,0,0,0,1,1,1,0,0,0,2,1,0,0,0,0,0,0,0
Equipe,3,Japan,8,Audi,,Audi,2,0,0,0,0,0,0,0,0,1,0,2,0,1,0,0,0,0,0,0,0,0,0,0,0,0,0,0,0,1,1,2,0,1,0,0,1,0,0,0,0,0,0
Equipe,3,Japan,9,Williams Mercedes,,Williams Mercedes,2,0,0,0,0,0,0,0,0,1,0,0,1,0,0,2,0,0,0,0,1,0,0,0,0,0,0,0,0,0,0,0,0,0,0,1,1,2,1,0,0,0,0
Equipe,3,Japan,10,Cadillac Ferrari,,Cadillac Ferrari,0,0,0,0,0,0,0,0,0,0,0,0,0,1,0,1,1,1,0,1,0,0,0,0,0,0,0,0,0,0,0,0,0,0,0,0,0,0,1,2,2,0,1
Equipe,3,Japan,11,Aston Martin Honda,,Aston Martin Honda,0,0,0,0,0,0,0,0,0,0,0,0,0,0,0,0,0,0,1,0,0,0,0,0,0,0,0,0,0,0,0,0,0,0,0,0,0,1,0,1,0,2,1
Piloto,4,Miami,1,Kimi Antonelli,Kimi Antonelli,Mercedes,100,3,1,0,0,0,0,0,0,0,0,0,0,0,0,0,0,0,0,0,0,3,1,0,0,0,0,0,0,0,0,0,0,0,0,0,0,0,0,0,0,0,0
Piloto,4,Miami,2,George Russell,George Russell,Mercedes,80,1,1,0,2,0,0,0,0,0,0,0,0,0,0,0,0,0,0,0,0,1,2,0,0,1,0,0,0,0,0,0,0,0,0,0,0,0,0,0,0,0,0
Piloto,4,Miami,3,Charles Leclerc,Charles Leclerc,Ferrari,59,0,0,2,1,0,0,0,1,0,0,0,0,0,0,0,0,0,0,0,0,0,0,1,3,0,0,0,0,0,0,0,0,0,0,0,0,0,0,0,0,0,0
Piloto,4,Miami,4,Lando Norris,Lando Norris,McLaren Mercedes,51,0,1,0,0,2,0,0,0,0,0,0,0,0,0,0,0,0,0,0,0,0,0,0,1,1,2,0,0,0,0,0,0,0,0,0,0,0,0,0,0,0,0
Piloto,4,Miami,5,Lewis Hamilton,Lewis Hamilton,Ferrari,51,0,0,1,1,0,2,0,0,0,0,0,0,0,0,0,0,0,0,0,0,0,0,1,0,0,2,1,0,0,0,0,0,0,0,0,0,0,0,0,0,0,0
Piloto,4,Miami,6,Oscar Piastri,Oscar Piastri,McLaren Mercedes,43,0,1,1,0,0,0,0,0,0,0,0,0,0,0,0,0,0,0,0,0,0,0,1,0,2,0,1,0,0,0,0,0,0,0,0,0,0,0,0,0,0,0
Piloto,4,Miami,7,Max Verstappen,Max Verstappen,Red Bull Racing Red Bull Ford,26,0,0,0,0,1,1,0,1,0,0,0,0,0,0,0,0,0,0,0,0,0,1,0,0,0,0,0,1,0,0,1,0,0,0,0,0,0,0,0,0,0,0
Piloto,4,Miami,8,Oliver Bearman,Oliver Bearman,Haas Ferrari,17,0,0,0,0,1,0,1,0,0,0,1,0,0,0,0,0,0,0,0,0,0,0,0,0,0,0,0,0,0,1,0,2,0,0,0,0,0,1,0,0,0,0
Piloto,4,Miami,9,Pierre Gasly,Pierre Gasly,Alpine Mercedes,16,0,0,0,0,0,1,1,0,0,1,0,0,0,0,0,0,0,0,0,0,0,0,0,0,0,0,2,0,1,0,0,0,0,1,0,0,0,0,0,0,0,0
Piloto,4,Miami,10,Liam Lawson,Liam Lawson,Racing Bulls Red Bull Ford,10,0,0,0,0,0,0,1,0,1,0,0,0,1,0,0,0,0,0,0,0,0,0,0,0,0,0,0,1,0,0,1,0,0,2,0,0,0,0,0,0,0,0
Piloto,4,Miami,11,Franco Colapinto,Franco Colapinto,Alpine Mercedes,7,0,0,0,0,0,0,1,0,0,1,0,0,0,1,0,1,0,0,0,0,0,0,0,0,0,0,0,1,0,0,0,1,0,0,1,1,0,0,0,0,0,0
Piloto,4,Miami,12,Arvid Lindblad,Arvid Lindblad,Racing Bulls Red Bull Ford,4,0,0,0,0,0,0,0,1,0,0,0,1,0,2,0,0,0,0,0,0,0,0,0,0,0,0,0,0,1,1,0,0,0,0,1,1,0,0,0,0,0,0
Piloto,4,Miami,13,Isack Hadjar,Isack Hadjar,Red Bull Racing Red Bull Ford,4,0,0,0,0,0,0,0,1,0,0,0,1,0,0,0,0,0,0,0,0,0,0,1,0,0,0,0,1,1,0,0,0,0,0,0,0,0,0,0,0,0,0
Piloto,4,Miami,14,Carlos Sainz,Carlos Sainz,Williams Mercedes,4,0,0,0,0,0,0,0,0,2,0,0,0,0,0,2,0,0,0,0,0,0,0,0,0,0,0,0,0,0,0,0,0,1,0,0,1,1,0,0,0,0,0
Piloto,4,Miami,15,Gabriel Bortoleto,Gabriel Bortoleto,Audi,2,0,0,0,0,0,0,0,0,1,0,0,1,1,0,0,0,0,0,0,0,0,0,0,0,0,0,0,0,1,1,0,0,0,0,0,1,0,0,0,0,1,0
Piloto,4,Miami,16,Esteban Ocon,Esteban Ocon,Haas Ferrari,1,0,0,0,0,0,0,0,0,0,1,1,0,1,1,0,0,0,0,0,0,0,0,0,0,0,0,0,0,0,0,0,1,2,1,0,0,0,0,0,0,0,0
Piloto,4,Miami,17,Alexander Albon,Alexander Albon,Williams Mercedes,1,0,0,0,0,0,0,0,0,0,1,0,1,0,0,0,0,0,0,0,1,0,0,0,0,0,0,0,0,0,0,0,0,0,0,2,0,1,1,0,0,0,0
Piloto,4,Miami,18,Nico Hulkenberg,Nico Hulkenberg,Audi,0,0,0,0,0,0,0,0,0,0,0,2,0,0,0,0,0,0,0,0,0,0,0,0,0,0,0,0,0,0,1,2,0,1,0,0,0,0,0,0,0,0,0
Piloto,4,Miami,19,Valtteri Bottas,Valtteri Bottas,Cadillac Ferrari,0,0,0,0,0,0,0,0,0,0,0,0,0,1,0,0,0,0,1,1,0,0,0,0,0,0,0,0,0,0,0,0,0,0,0,0,0,0,0,2,2,0,0
Piloto,4,Miami,20,Sergio Perez,Sergio Perez,Cadillac Ferrari,0,0,0,0,0,0,0,0,0,0,0,0,0,0,0,1,2,1,0,0,0,0,0,0,0,0,0,0,0,0,0,0,0,0,0,0,0,0,1,1,1,0,1
Piloto,4,Miami,21,Fernando Alonso,Fernando Alonso,Aston Martin Honda,0,0,0,0,0,0,0,0,0,0,0,0,0,0,0,1,0,0,1,0,0,0,0,0,0,0,0,0,0,0,0,0,0,0,0,0,0,2,0,1,0,1,0
Piloto,4,Miami,22,Lance Stroll,Lance Stroll,Aston Martin Honda,0,0,0,0,0,0,0,0,0,0,0,0,0,0,0,0,0,1,0,0,0,0,0,0,0,0,0,0,0,0,0,0,0,0,0,0,0,0,1,0,0,1,1
Equipe,4,Miami,1,Mercedes,,Mercedes,180,4,2,0,2,0,0,0,0,0,0,0,0,0,0,0,0,0,0,0,0,4,3,0,0,1,0,0,0,0,0,0,0,0,0,0,0,0,0,0,0,0,0
Equipe,4,Miami,2,Ferrari,,Ferrari,110,0,0,3,2,0,2,0,1,0,0,0,0,0,0,0,0,0,0,0,0,0,0,2,3,0,2,1,0,0,0,0,0,0,0,0,0,0,0,0,0,0,0
Equipe,4,Miami,3,McLaren Mercedes,,McLaren Mercedes,94,0,2,1,0,2,0,0,0,0,0,0,0,0,0,0,0,0,0,0,0,0,0,1,1,3,2,1,0,0,0,0,0,0,0,0,0,0,0,0,0,0,0
Equipe,4,Miami,4,Red Bull Racing Red Bull Ford,,Red Bull Racing Red Bull Ford,30,0,0,0,0,1,1,0,2,0,0,0,1,0,0,0,0,0,0,0,0,0,1,1,0,0,0,0,2,1,0,1,0,0,0,0,0,0,0,0,0,0,0
Equipe,4,Miami,5,Alpine Mercedes,,Alpine Mercedes,23,0,0,0,0,0,1,2,0,0,2,0,0,0,1,0,1,0,0,0,0,0,0,0,0,0,0,2,1,1,0,0,1,0,1,1,1,0,0,0,0,0,0
Equipe,4,Miami,6,Haas Ferrari,,Haas Ferrari,18,0,0,0,0,1,0,1,0,0,1,2,0,1,1,0,0,0,0,0,0,0,0,0,0,0,0,0,0,0,1,0,3,2,1,0,0,0,1,0,0,0,0
Equipe,4,Miami,7,Racing Bulls Red Bull Ford,,Racing Bulls Red Bull Ford,14,0,0,0,0,0,0,1,1,1,0,0,1,1,2,0,0,0,0,0,0,0,0,0,0,0,0,0,1,1,1,1,0,0,2,1,1,0,0,0,0,0,0
Equipe,4,Miami,8,Williams Mercedes,,Williams Mercedes,5,0,0,0,0,0,0,0,0,2,1,0,1,0,0,2,0,0,0,0,1,0,0,0,0,0,0,0,0,0,0,0,0,1,0,2,1,2,1,0,0,0,0
Equipe,4,Miami,9,Audi,,Audi,2,0,0,0,0,0,0,0,0,1,0,2,1,1,0,0,0,0,0,0,0,0,0,0,0,0,0,0,0,1,2,2,0,1,0,0,1,0,0,0,0,1,0
Equipe,4,Miami,10,Cadillac Ferrari,,Cadillac Ferrari,0,0,0,0,0,0,0,0,0,0,0,0,0,1,0,1,2,1,1,1,0,0,0,0,0,0,0,0,0,0,0,0,0,0,0,0,0,0,1,3,3,0,1
Equipe,4,Miami,11,Aston Martin Honda,,Aston Martin Honda,0,0,0,0,0,0,0,0,0,0,0,0,0,0,0,1,0,1,1,0,0,0,0,0,0,0,0,0,0,0,0,0,0,0,0,0,0,2,1,1,0,2,1
Piloto,5,Canada,1,Kimi Antonelli,Kimi Antonelli,Mercedes,131,4,1,0,0,0,0,0,0,0,0,0,0,0,0,0,0,0,0,0,0,3,2,0,0,0,0,0,0,0,0,0,0,0,0,0,0,0,0,0,0,0,0
Piloto,5,Canada,2,George Russell,George Russell,Mercedes,88,1,1,0,2,0,0,0,0,0,0,0,0,0,0,0,0,0,0,0,0,2,2,0,0,1,0,0,0,0,0,0,0,0,0,0,0,0,0,0,0,0,0
Piloto,5,Canada,3,Charles Leclerc,Charles Leclerc,Ferrari,75,0,0,2,2,0,0,0,1,0,0,0,0,0,0,0,0,0,0,0,0,0,0,1,3,0,0,0,1,0,0,0,0,0,0,0,0,0,0,0,0,0,0
Piloto,5,Canada,4,Lewis Hamilton,Lewis Hamilton,Ferrari,72,0,1,1,1,0,2,0,0,0,0,0,0,0,0,0,0,0,0,0,0,0,0,1,0,1,2,1,0,0,0,0,0,0,0,0,0,0,0,0,0,0,0
Piloto,5,Canada,5,Lando Norris,Lando Norris,McLaren Mercedes,58,0,1,0,0,2,0,0,0,0,0,0,0,0,0,0,0,0,0,0,0,0,0,1,1,1,2,0,0,0,0,0,0,0,0,0,0,0,0,0,0,0,0
Piloto,5,Canada,6,Oscar Piastri,Oscar Piastri,McLaren Mercedes,48,0,1,1,0,0,0,0,0,0,0,1,0,0,0,0,0,0,0,0,0,0,0,1,1,2,0,1,0,0,0,0,0,0,0,0,0,0,0,0,0,0,0
Piloto,5,Canada,7,Max Verstappen,Max Verstappen,Red Bull Racing Red Bull Ford,43,0,0,1,0,1,1,0,1,0,0,0,0,0,0,0,0,0,0,0,0,0,1,0,0,0,1,0,1,0,0,1,0,0,0,0,0,0,0,0,0,0,0
Piloto,5,Canada,8,Pierre Gasly,Pierre Gasly,Alpine Mercedes,20,0,0,0,0,0,1,1,1,0,1,0,0,0,0,0,0,0,0,0,0,0,0,0,0,0,0,2,0,1,0,0,0,0,2,0,0,0,0,0,0,0,0
Piloto,5,Canada,9,Oliver Bearman,Oliver Bearman,Haas Ferrari,18,0,0,0,0,1,0,1,0,0,1,1,0,0,0,0,0,0,0,0,0,0,0,0,0,0,0,0,0,0,1,0,2,0,0,0,1,0,1,0,0,0,0
Piloto,5,Canada,10,Liam Lawson,Liam Lawson,Racing Bulls Red Bull Ford,16,0,0,0,0,0,0,2,0,1,0,0,0,1,0,0,0,0,0,0,0,0,0,0,0,0,0,0,1,0,0,1,1,0,2,0,0,0,0,0,0,0,0
Piloto,5,Canada,11,Franco Colapinto,Franco Colapinto,Alpine Mercedes,15,0,0,0,0,0,1,1,0,0,1,0,0,0,1,0,1,0,0,0,0,0,0,0,0,0,0,0,1,0,1,0,1,0,0,1,1,0,0,0,0,0,0
Piloto,5,Canada,12,Isack Hadjar,Isack Hadjar,Red Bull Racing Red Bull Ford,14,0,0,0,0,1,0,0,1,0,0,0,1,0,0,0,0,0,0,0,0,0,0,1,0,0,0,1,1,1,0,0,0,0,0,0,0,0,0,0,0,0,0
Piloto,5,Canada,13,Carlos Sainz,Carlos Sainz,Williams Mercedes,6,0,0,0,0,0,0,0,0,3,0,0,0,0,0,2,0,0,0,0,0,0,0,0,0,0,0,0,0,0,0,0,0,1,0,1,1,1,0,0,0,0,0
Piloto,5,Canada,14,Arvid Lindblad,Arvid Lindblad,Racing Bulls Red Bull Ford,5,0,0,0,0,0,0,0,1,0,0,0,1,0,2,0,0,0,0,0,0,0,0,0,0,0,0,0,0,2,1,0,0,0,0,1,1,0,0,0,0,0,0
Piloto,5,Canada,15,Gabriel Bortoleto,Gabriel Bortoleto,Audi,2,0,0,0,0,0,0,0,0,1,0,0,1,2,0,0,0,0,0,0,0,0,0,0,0,0,0,0,0,1,1,0,0,1,0,0,1,0,0,0,0,1,0
Piloto,5,Canada,16,Esteban Ocon,Esteban Ocon,Haas Ferrari,1,0,0,0,0,0,0,0,0,0,1,1,0,1,2,0,0,0,0,0,0,0,0,0,0,0,0,0,0,0,0,0,1,2,1,0,0,1,0,0,0,0,0
Piloto,5,Canada,17,Alexander Albon,Alexander Albon,Williams Mercedes,1,0,0,0,0,0,0,0,0,0,1,0,1,0,0,0,0,0,0,0,1,0,0,0,0,0,0,0,0,0,0,0,0,0,0,2,0,1,2,0,0,0,0
Piloto,5,Canada,18,Nico Hulkenberg,Nico Hulkenberg,Audi,0,0,0,0,0,0,0,0,0,0,0,2,1,0,0,0,0,0,0,0,0,0,0,0,0,0,0,0,0,0,1,3,0,1,0,0,0,0,0,0,0,0,0
Piloto,5,Canada,19,Valtteri Bottas,Valtteri Bottas,Cadillac Ferrari,0,0,0,0,0,0,0,0,0,0,0,0,0,1,0,0,1,0,1,1,0,0,0,0,0,0,0,0,0,0,0,0,0,0,0,0,0,0,0,2,2,0,1
Piloto,5,Canada,20,Sergio Perez,Sergio Perez,Cadillac Ferrari,0,0,0,0,0,0,0,0,0,0,0,0,0,0,0,1,2,1,0,0,0,0,0,0,0,0,0,0,0,0,0,0,0,0,0,0,0,0,1,1,2,0,1
Piloto,5,Canada,21,Lance Stroll,Lance Stroll,Aston Martin Honda,0,0,0,0,0,0,0,0,0,0,0,0,0,0,0,1,0,1,0,0,0,0,0,0,0,0,0,0,0,0,0,0,0,0,0,0,0,0,1,0,0,2,1
Piloto,5,Canada,22,Fernando Alonso,Fernando Alonso,Aston Martin Honda,0,0,0,0,0,0,0,0,0,0,0,0,0,0,0,1,0,0,1,0,0,0,0,0,0,0,0,0,0,0,0,0,0,0,0,0,0,2,0,2,0,1,0
Equipe,5,Canada,1,Mercedes,,Mercedes,219,5,2,0,2,0,0,0,0,0,0,0,0,0,0,0,0,0,0,0,0,5,4,0,0,1,0,0,0,0,0,0,0,0,0,0,0,0,0,0,0,0,0
Equipe,5,Canada,2,Ferrari,,Ferrari,147,0,1,3,3,0,2,0,1,0,0,0,0,0,0,0,0,0,0,0,0,0,0,2,3,1,2,1,1,0,0,0,0,0,0,0,0,0,0,0,0,0,0
Equipe,5,Canada,3,McLaren Mercedes,,McLaren Mercedes,106,0,2,1,0,2,0,0,0,0,0,1,0,0,0,0,0,0,0,0,0,0,0,2,2,3,2,1,0,0,0,0,0,0,0,0,0,0,0,0,0,0,0
Equipe,5,Canada,4,Red Bull Racing Red Bull Ford,,Red Bull Racing Red Bull Ford,57,0,0,1,0,2,1,0,2,0,0,0,1,0,0,0,0,0,0,0,0,0,1,1,0,0,1,1,2,1,0,1,0,0,0,0,0,0,0,0,0,0,0
Equipe,5,Canada,5,Alpine Mercedes,,Alpine Mercedes,35,0,0,0,0,0,2,2,1,0,2,0,0,0,1,0,1,0,0,0,0,0,0,0,0,0,0,2,1,1,1,0,1,0,2,1,1,0,0,0,0,0,0
Equipe,5,Canada,6,Racing Bulls Red Bull Ford,,Racing Bulls Red Bull Ford,21,0,0,0,0,0,0,2,1,1,0,0,1,1,2,0,0,0,0,0,0,0,0,0,0,0,0,0,1,2,1,1,1,0,2,1,1,0,0,0,0,0,0
Equipe,5,Canada,7,Haas Ferrari,,Haas Ferrari,19,0,0,0,0,1,0,1,0,0,2,2,0,1,2,0,0,0,0,0,0,0,0,0,0,0,0,0,0,0,1,0,3,2,1,0,1,1,1,0,0,0,0
Equipe,5,Canada,8,Williams Mercedes,,Williams Mercedes,7,0,0,0,0,0,0,0,0,3,1,0,1,0,0,2,0,0,0,0,1,0,0,0,0,0,0,0,0,0,0,0,0,1,0,3,1,2,2,0,0,0,0
Equipe,5,Canada,9,Audi,,Audi,2,0,0,0,0,0,0,0,0,1,0,2,2,2,0,0,0,0,0,0,0,0,0,0,0,0,0,0,0,1,2,3,0,2,0,0,1,0,0,0,0,1,0
Equipe,5,Canada,10,Cadillac Ferrari,,Cadillac Ferrari,0,0,0,0,0,0,0,0,0,0,0,0,0,1,0,1,3,1,1,1,0,0,0,0,0,0,0,0,0,0,0,0,0,0,0,0,0,0,1,3,4,0,2
Equipe,5,Canada,11,Aston Martin Honda,,Aston Martin Honda,0,0,0,0,0,0,0,0,0,0,0,0,0,0,0,2,0,1,1,0,0,0,0,0,0,0,0,0,0,0,0,0,0,0,0,0,0,2,1,2,0,3,1
Piloto,6,Monaco,1,Kimi Antonelli,Kimi Antonelli,Mercedes,156,5,1,0,0,0,0,0,0,0,0,0,0,0,0,0,0,0,0,0,0,4,2,0,0,0,0,0,0,0,0,0,0,0,0,0,0,0,0,0,0,0,0
Piloto,6,Monaco,2,Lewis Hamilton,Lewis Hamilton,Ferrari,90,0,2,1,1,0,2,0,0,0,0,0,0,0,0,0,0,0,0,0,0,0,0,2,0,1,2,1,0,0,0,0,0,0,0,0,0,0,0,0,0,0,0
Piloto,6,Monaco,3,George Russell,George Russell,Mercedes,88,1,1,0,2,0,0,0,0,0,0,0,1,0,0,0,0,0,0,0,0,2,2,0,0,1,1,0,0,0,0,0,0,0,0,0,0,0,0,0,0,0,0
Piloto,6,Monaco,4,Charles Leclerc,Charles Leclerc,Ferrari,75,0,0,2,2,0,0,0,1,0,0,0,0,0,0,0,0,0,0,0,0,0,0,1,4,0,0,0,1,0,0,0,0,0,0,0,0,0,0,0,0,0,0
Piloto,6,Monaco,5,Oscar Piastri,Oscar Piastri,McLaren Mercedes,58,0,1,1,0,1,0,0,0,0,0,1,0,0,0,0,0,0,0,0,0,0,0,1,1,2,0,2,0,0,0,0,0,0,0,0,0,0,0,0,0,0,0
Piloto,6,Monaco,6,Lando Norris,Lando Norris,McLaren Mercedes,58,0,1,0,0,2,0,0,0,0,0,0,0,0,0,0,0,0,0,0,0,0,0,1,1,1,2,0,1,0,0,0,0,0,0,0,0,0,0,0,0,0,0
Piloto,6,Monaco,7,Max Verstappen,Max Verstappen,Red Bull Racing Red Bull Ford,43,0,0,1,0,1,1,0,1,0,0,0,0,0,0,0,0,0,0,0,0,0,2,0,0,0,1,0,1,0,0,1,0,0,0,0,0,0,0,0,0,0,0
Piloto,6,Monaco,8,Pierre Gasly,Pierre Gasly,Alpine Mercedes,35,0,0,1,0,0,1,1,1,0,1,0,0,0,0,0,0,0,0,0,0,0,0,0,0,0,0,2,0,2,0,0,0,0,2,0,0,0,0,0,0,0,0
Piloto,6,Monaco,9,Isack Hadjar,Isack Hadjar,Red Bull Racing Red Bull Ford,26,0,0,0,1,1,0,0,1,0,0,0,1,0,0,0,0,0,0,0,0,0,0,1,0,1,0,1,1,1,0,0,0,0,0,0,0,0,0,0,0,0,0
Piloto,6,Monaco,10,Liam Lawson,Liam Lawson,Racing Bulls Red Bull Ford,24,0,0,0,0,0,1,2,0,1,0,0,0,1,0,0,0,0,0,0,0,0,0,0,0,0,0,0,1,0,1,1,1,0,2,0,0,0,0,0,0,0,0
Piloto,6,Monaco,11,Oliver Bearman,Oliver Bearman,Haas Ferrari,18,0,0,0,0,1,0,1,0,0,1,1,0,0,0,0,0,0,0,0,0,0,0,0,0,0,0,0,0,0,1,0,2,0,0,0,1,0,1,1,0,0,0
Piloto,6,Monaco,12,Franco Colapinto,Franco Colapinto,Alpine Mercedes,15,0,0,0,0,0,1,1,0,0,1,0,0,0,2,0,1,0,0,0,0,0,0,0,0,0,0,0,1,0,1,0,1,0,1,1,1,0,0,0,0,0,0
Piloto,6,Monaco,13,Arvid Lindblad,Arvid Lindblad,Racing Bulls Red Bull Ford,11,0,0,0,0,0,0,1,1,0,0,0,1,0,2,0,0,0,0,0,0,0,0,0,0,0,0,0,0,2,1,0,0,0,0,2,1,0,0,0,0,0,0
Piloto,6,Monaco,14,Carlos Sainz,Carlos Sainz,Williams Mercedes,6,0,0,0,0,0,0,0,0,3,0,0,0,0,0,2,1,0,0,0,0,0,0,0,0,0,0,0,0,0,0,0,1,1,0,1,1,1,0,0,0,0,0
Piloto,6,Monaco,15,Alexander Albon,Alexander Albon,Williams Mercedes,5,0,0,0,0,0,0,0,1,0,1,0,1,0,0,0,0,0,0,0,1,0,0,0,0,0,0,0,0,0,0,1,0,0,0,2,0,1,2,0,0,0,0
Piloto,6,Monaco,16,Esteban Ocon,Esteban Ocon,Haas Ferrari,3,0,0,0,0,0,0,0,0,1,1,1,0,1,2,0,0,0,0,0,0,0,0,0,0,0,0,0,0,0,0,0,1,2,1,0,0,2,0,0,0,0,0
Piloto,6,Monaco,17,Gabriel Bortoleto,Gabriel Bortoleto,Audi,2,0,0,0,0,0,0,0,0,1,0,1,1,2,0,0,0,0,0,0,0,0,0,0,0,0,0,0,0,1,1,0,0,1,0,0,2,0,0,0,0,1,0
Piloto,6,Monaco,18,Fernando Alonso,Fernando Alonso,Aston Martin Honda,1,0,0,0,0,0,0,0,0,0,1,0,0,0,0,1,0,0,1,0,0,0,0,0,0,0,0,0,0,0,0,0,0,0,0,0,0,2,0,2,0,2,0
Piloto,6,Monaco,19,Nico Hulkenberg,Nico Hulkenberg,Audi,0,0,0,0,0,0,0,0,0,0,0,2,1,1,0,0,0,0,0,0,0,0,0,0,0,0,0,0,0,0,1,3,0,2,0,0,0,0,0,0,0,0,0
Piloto,6,Monaco,20,Valtteri Bottas,Valtteri Bottas,Cadillac Ferrari,0,0,0,0,0,0,0,0,0,0,0,0,0,1,0,0,1,0,1,1,0,0,0,0,0,0,0,0,0,0,0,0,0,0,0,0,0,0,0,2,3,0,1
Piloto,6,Monaco,21,Sergio Perez,Sergio Perez,Cadillac Ferrari,0,0,0,0,0,0,0,0,0,0,0,0,0,0,0,2,2,1,0,0,0,0,0,0,0,0,0,0,0,0,0,0,0,0,0,0,0,0,2,1,2,0,1
Piloto,6,Monaco,22,Lance Stroll,Lance Stroll,Aston Martin Honda,0,0,0,0,0,0,0,0,0,0,0,0,0,0,0,1,0,1,0,0,0,0,0,0,0,0,0,0,0,0,0,0,0,0,0,0,0,0,1,0,0,2,2
Equipe,6,Monaco,1,Mercedes,,Mercedes,244,6,2,0,2,0,0,0,0,0,0,0,1,0,0,0,0,0,0,0,0,6,4,0,0,1,1,0,0,0,0,0,0,0,0,0,0,0,0,0,0,0,0
Equipe,6,Monaco,2,Ferrari,,Ferrari,165,0,2,3,3,0,2,0,1,0,0,0,0,0,0,0,0,0,0,0,0,0,0,3,4,1,2,1,1,0,0,0,0,0,0,0,0,0,0,0,0,0,0
Equipe,6,Monaco,3,McLaren Mercedes,,McLaren Mercedes,116,0,2,1,0,3,0,0,0,0,0,1,0,0,0,0,0,0,0,0,0,0,0,2,2,3,2,2,1,0,0,0,0,0,0,0,0,0,0,0,0,0,0
Equipe,6,Monaco,4,Red Bull Racing Red Bull Ford,,Red Bull Racing Red Bull Ford,69,0,0,1,1,2,1,0,2,0,0,0,1,0,0,0,0,0,0,0,0,0,2,1,0,1,1,1,2,1,0,1,0,0,0,0,0,0,0,0,0,0,0
Equipe,6,Monaco,5,Alpine Mercedes,,Alpine Mercedes,50,0,0,1,0,0,2,2,1,0,2,0,0,0,2,0,1,0,0,0,0,0,0,0,0,0,0,2,1,2,1,0,1,0,3,1,1,0,0,0,0,0,0
Equipe,6,Monaco,6,Racing Bulls Red Bull Ford,,Racing Bulls Red Bull Ford,35,0,0,0,0,0,1,3,1,1,0,0,1,1,2,0,0,0,0,0,0,0,0,0,0,0,0,0,1,2,2,1,1,0,2,2,1,0,0,0,0,0,0
Equipe,6,Monaco,7,Haas Ferrari,,Haas Ferrari,21,0,0,0,0,1,0,1,0,1,2,2,0,1,2,0,0,0,0,0,0,0,0,0,0,0,0,0,0,0,1,0,3,2,1,0,1,2,1,1,0,0,0
Equipe,6,Monaco,8,Williams Mercedes,,Williams Mercedes,11,0,0,0,0,0,0,0,1,3,1,0,1,0,0,2,1,0,0,0,1,0,0,0,0,0,0,0,0,0,0,1,1,1,0,3,1,2,2,0,0,0,0
Equipe,6,Monaco,9,Audi,,Audi,2,0,0,0,0,0,0,0,0,1,0,3,2,3,0,0,0,0,0,0,0,0,0,0,0,0,0,0,0,1,2,3,0,3,0,0,2,0,0,0,0,1,0
Equipe,6,Monaco,10,Aston Martin Honda,,Aston Martin Honda,1,0,0,0,0,0,0,0,0,0,1,0,0,0,0,2,0,1,1,0,0,0,0,0,0,0,0,0,0,0,0,0,0,0,0,0,0,2,1,2,0,4,2
Equipe,6,Monaco,11,Cadillac Ferrari,,Cadillac Ferrari,0,0,0,0,0,0,0,0,0,0,0,0,0,1,0,2,3,1,1,1,0,0,0,0,0,0,0,0,0,0,0,0,0,0,0,0,0,0,2,3,5,0,2
Piloto,7,Barcelona-Catalunya,1,Kimi Antonelli,Kimi Antonelli,Mercedes,156,5,1,0,0,0,0,0,0,0,0,0,0,0,0,0,1,0,0,0,0,4,2,1,0,0,0,0,0,0,0,0,0,0,0,0,0,0,0,0,0,0,0
Piloto,7,Barcelona-Catalunya,2,Lewis Hamilton,Lewis Hamilton,Ferrari,115,1,2,1,1,0,2,0,0,0,0,0,0,0,0,0,0,0,0,0,0,0,1,2,0,1,2,1,0,0,0,0,0,0,0,0,0,0,0,0,0,0,0
Piloto,7,Barcelona-Catalunya,3,George Russell,George Russell,Mercedes,106,1,2,0,2,0,0,0,0,0,0,0,1,0,0,0,0,0,0,0,0,3,2,0,0,1,1,0,0,0,0,0,0,0,0,0,0,0,0,0,0,0,0
Piloto,7,Barcelona-Catalunya,4,Charles Leclerc,Charles Leclerc,Ferrari,75,0,0,2,2,0,0,0,1,0,0,0,0,0,0,1,0,0,0,0,0,0,0,1,4,0,0,0,1,0,1,0,0,0,0,0,0,0,0,0,0,0,0
Piloto,7,Barcelona-Catalunya,5,Lando Norris,Lando Norris,McLaren Mercedes,73,0,1,1,0,2,0,0,0,0,0,0,0,0,0,0,0,0,0,0,0,0,0,1,2,1,2,0,1,0,0,0,0,0,0,0,0,0,0,0,0,0,0
Piloto,7,Barcelona-Catalunya,6,Oscar Piastri,Oscar Piastri,McLaren Mercedes,68,0,1,1,0,2,0,0,0,0,0,1,0,0,0,0,0,0,0,0,0,0,0,1,1,2,0,3,0,0,0,0,0,0,0,0,0,0,0,0,0,0,0
Piloto,7,Barcelona-Catalunya,7,Max Verstappen,Max Verstappen,Red Bull Racing Red Bull Ford,55,0,0,1,1,1,1,0,1,0,0,0,0,0,0,0,0,0,0,0,0,0,2,0,0,1,1,0,1,0,0,1,0,0,0,0,0,0,0,0,0,0,0
Piloto,7,Barcelona-Catalunya,8,Pierre Gasly,Pierre Gasly,Alpine Mercedes,41,0,0,1,0,0,1,2,1,0,1,0,0,0,0,0,0,0,0,0,0,0,0,0,0,0,0,2,0,2,0,0,0,0,3,0,0,0,0,0,0,0,0
Piloto,7,Barcelona-Catalunya,9,Isack Hadjar,Isack Hadjar,Red Bull Racing Red Bull Ford,34,0,0,0,1,1,1,0,1,0,0,0,1,0,0,0,0,0,0,0,0,0,0,1,0,1,1,1,1,1,0,0,0,0,0,0,0,0,0,0,0,0,0
Piloto,7,Barcelona-Catalunya,10,Liam Lawson,Liam Lawson,Racing Bulls Red Bull Ford,28,0,0,0,0,0,1,2,1,1,0,0,0,1,0,0,0,0,0,0,0,0,0,0,0,0,0,0,2,0,1,1,1,0,2,0,0,0,0,0,0,0,0
Piloto,7,Barcelona-Catalunya,11,Oliver Bearman,Oliver Bearman,Haas Ferrari,18,0,0,0,0,1,0,1,0,0,1,1,0,0,0,0,0,1,0,0,0,0,0,0,0,0,0,0,0,0,1,0,2,0,0,1,1,0,1,1,0,0,0
Piloto,7,Barcelona-Catalunya,12,Franco Colapinto,Franco Colapinto,Alpine Mercedes,16,0,0,0,0,0,1,1,0,0,2,0,0,0,2,0,1,0,0,0,0,0,0,0,0,0,0,0,1,0,1,0,1,1,1,1,1,0,0,0,0,0,0
Piloto,7,Barcelona-Catalunya,13,Arvid Lindblad,Arvid Lindblad,Racing Bulls Red Bull Ford,13,0,0,0,0,0,0,1,1,1,0,0,1,0,2,0,0,0,0,0,0,0,0,0,0,0,0,0,0,2,1,1,0,0,0,2,1,0,0,0,0,0,0
Piloto,7,Barcelona-Catalunya,14,Carlos Sainz,Carlos Sainz,Williams Mercedes,6,0,0,0,0,0,0,0,0,3,0,0,1,0,0,2,1,0,0,0,0,0,0,0,0,0,0,0,0,0,0,0,1,1,0,1,2,1,0,0,0,0,0
Piloto,7,Barcelona-Catalunya,15,Alexander Albon,Alexander Albon,Williams Mercedes,5,0,0,0,0,0,0,0,1,0,1,0,1,0,0,0,0,0,0,0,1,0,0,0,0,0,0,0,0,0,0,1,0,0,0,2,0,1,3,0,0,0,0
Piloto,7,Barcelona-Catalunya,16,Esteban Ocon,Esteban Ocon,Haas Ferrari,3,0,0,0,0,0,0,0,0,1,1,1,0,2,2,0,0,0,0,0,0,0,0,0,0,0,0,0,0,0,0,0,1,2,1,0,0,3,0,0,0,0,0
Piloto,7,Barcelona-Catalunya,17,Gabriel Bortoleto,Gabriel Bortoleto,Audi,2,0,0,0,0,0,0,0,0,1,0,2,1,2,0,0,0,0,0,0,0,0,0,0,0,0,0,0,0,1,1,0,1,1,0,0,2,0,0,0,0,1,0
Piloto,7,Barcelona-Catalunya,18,Fernando Alonso,Fernando Alonso,Aston Martin Honda,1,0,0,0,0,0,0,0,0,0,1,0,0,0,0,1,0,0,1,0,0,0,0,0,0,0,0,0,0,0,0,0,0,0,0,0,0,2,0,2,0,2,1
Piloto,7,Barcelona-Catalunya,19,Nico Hulkenberg,Nico Hulkenberg,Audi,0,0,0,0,0,0,0,0,0,0,0,2,1,1,0,0,0,0,0,0,0,0,0,0,0,0,0,0,0,1,1,3,0,2,0,0,0,0,0,0,0,0,0
Piloto,7,Barcelona-Catalunya,20,Valtteri Bottas,Valtteri Bottas,Cadillac Ferrari,0,0,0,0,0,0,0,0,0,0,0,0,0,1,0,0,1,0,1,1,0,0,0,0,0,0,0,0,0,0,0,0,0,0,0,0,0,0,0,2,4,0,1
Piloto,7,Barcelona-Catalunya,21,Sergio Perez,Sergio Perez,Cadillac Ferrari,0,0,0,0,0,0,0,0,0,0,0,0,0,0,1,2,2,1,0,0,0,0,0,0,0,0,0,0,0,0,0,0,0,0,0,0,0,0,2,2,2,0,1
Piloto,7,Barcelona-Catalunya,22,Lance Stroll,Lance Stroll,Aston Martin Honda,0,0,0,0,0,0,0,0,0,0,0,0,0,0,0,1,0,1,0,0,0,0,0,0,0,0,0,0,0,0,0,0,0,0,0,0,0,0,1,0,0,3,2
Equipe,7,Barcelona-Catalunya,1,Mercedes,,Mercedes,262,6,3,0,2,0,0,0,0,0,0,0,1,0,0,0,1,0,0,0,0,7,4,1,0,1,1,0,0,0,0,0,0,0,0,0,0,0,0,0,0,0,0
Equipe,7,Barcelona-Catalunya,2,Ferrari,,Ferrari,190,1,2,3,3,0,2,0,1,0,0,0,0,0,0,1,0,0,0,0,0,0,1,3,4,1,2,1,1,0,1,0,0,0,0,0,0,0,0,0,0,0,0
Equipe,7,Barcelona-Catalunya,3,McLaren Mercedes,,McLaren Mercedes,141,0,2,2,0,4,0,0,0,0,0,1,0,0,0,0,0,0,0,0,0,0,0,2,3,3,2,3,1,0,0,0,0,0,0,0,0,0,0,0,0,0,0
Equipe,7,Barcelona-Catalunya,4,Red Bull Racing Red Bull Ford,,Red Bull Racing Red Bull Ford,89,0,0,1,2,2,2,0,2,0,0,0,1,0,0,0,0,0,0,0,0,0,2,1,0,2,2,1,2,1,0,1,0,0,0,0,0,0,0,0,0,0,0
Equipe,7,Barcelona-Catalunya,5,Alpine Mercedes,,Alpine Mercedes,57,0,0,1,0,0,2,3,1,0,3,0,0,0,2,0,1,0,0,0,0,0,0,0,0,0,0,2,1,2,1,0,1,1,4,1,1,0,0,0,0,0,0
Equipe,7,Barcelona-Catalunya,6,Racing Bulls Red Bull Ford,,Racing Bulls Red Bull Ford,41,0,0,0,0,0,1,3,2,2,0,0,1,1,2,0,0,0,0,0,0,0,0,0,0,0,0,0,2,2,2,2,1,0,2,2,1,0,0,0,0,0,0
Equipe,7,Barcelona-Catalunya,7,Haas Ferrari,,Haas Ferrari,21,0,0,0,0,1,0,1,0,1,2,2,0,2,2,0,0,1,0,0,0,0,0,0,0,0,0,0,0,0,1,0,3,2,1,1,1,3,1,1,0,0,0
Equipe,7,Barcelona-Catalunya,8,Williams Mercedes,,Williams Mercedes,11,0,0,0,0,0,0,0,1,3,1,0,2,0,0,2,1,0,0,0,1,0,0,0,0,0,0,0,0,0,0,1,1,1,0,3,2,2,3,0,0,0,0
Equipe,7,Barcelona-Catalunya,9,Audi,,Audi,2,0,0,0,0,0,0,0,0,1,0,4,2,3,0,0,0,0,0,0,0,0,0,0,0,0,0,0,0,2,2,3,1,3,0,0,2,0,0,0,0,1,0
Equipe,7,Barcelona-Catalunya,10,Aston Martin Honda,,Aston Martin Honda,1,0,0,0,0,0,0,0,0,0,1,0,0,0,0,2,0,1,1,0,0,0,0,0,0,0,0,0,0,0,0,0,0,0,0,0,0,2,1,2,0,5,3
Equipe,7,Barcelona-Catalunya,11,Cadillac Ferrari,,Cadillac Ferrari,0,0,0,0,0,0,0,0,0,0,0,0,0,1,1,2,3,1,1,1,0,0,0,0,0,0,0,0,0,0,0,0,0,0,0,0,0,0,2,4,6,0,2
Piloto,8,Austria,1,Kimi Antonelli,Kimi Antonelli,Mercedes,171,5,1,1,0,0,0,0,0,0,0,0,0,0,0,0,1,0,0,0,0,4,2,1,1,0,0,0,0,0,0,0,0,0,0,0,0,0,0,0,0,0,0
Piloto,8,Austria,2,George Russell,George Russell,Mercedes,131,2,2,0,2,0,0,0,0,0,0,0,1,0,0,0,0,0,0,0,0,4,2,0,0,1,1,0,0,0,0,0,0,0,0,0,0,0,0,0,0,0,0
Piloto,8,Austria,3,Lewis Hamilton,Lewis Hamilton,Ferrari,125,1,2,1,1,1,2,0,0,0,0,0,0,0,0,0,0,0,0,0,0,0,1,3,0,1,2,1,0,0,0,0,0,0,0,0,0,0,0,0,0,0,0
Piloto,8,Austria,4,Oscar Piastri,Oscar Piastri,McLaren Mercedes,80,0,1,1,1,2,0,0,0,0,0,1,0,0,0,0,0,0,0,0,0,0,0,1,1,2,0,4,0,0,0,0,0,0,0,0,0,0,0,0,0,0,0
Piloto,8,Austria,5,Lando Norris,Lando Norris,McLaren Mercedes,79,0,1,1,0,2,0,1,0,0,0,0,0,0,0,0,0,0,0,0,0,0,0,1,2,1,3,0,1,0,0,0,0,0,0,0,0,0,0,0,0,0,0
Piloto,8,Austria,6,Charles Leclerc,Charles Leclerc,Ferrari,79,0,0,2,2,0,0,0,2,0,0,0,0,0,0,1,0,0,0,0,0,0,1,1,4,0,0,0,1,0,1,0,0,0,0,0,0,0,0,0,0,0,0
Piloto,8,Austria,7,Max Verstappen,Max Verstappen,Red Bull Racing Red Bull Ford,73,0,1,1,1,1,1,0,1,0,0,0,0,0,0,0,0,0,0,0,0,0,2,0,0,2,1,0,1,0,0,1,0,0,0,0,0,0,0,0,0,0,0
Piloto,8,Austria,8,Isack Hadjar,Isack Hadjar,Red Bull Racing Red Bull Ford,42,0,0,0,1,1,2,0,1,0,0,0,1,0,0,0,0,0,0,0,0,0,0,1,0,1,1,1,2,1,0,0,0,0,0,0,0,0,0,0,0,0,0
Piloto,8,Austria,9,Pierre Gasly,Pierre Gasly,Alpine Mercedes,41,0,0,1,0,0,1,2,1,0,1,0,0,1,0,0,0,0,0,0,0,0,0,0,0,0,0,2,0,2,0,1,0,0,3,0,0,0,0,0,0,0,0
Piloto,8,Austria,10,Liam Lawson,Liam Lawson,Racing Bulls Red Bull Ford,30,0,0,0,0,0,1,2,1,2,0,0,0,1,0,0,0,0,0,0,0,0,0,0,0,0,0,0,2,1,1,1,1,0,2,0,0,0,0,0,0,0,0
Piloto,8,Austria,11,Oliver Bearman,Oliver Bearman,Haas Ferrari,18,0,0,0,0,1,0,1,0,0,1,1,0,0,1,0,0,1,0,0,0,0,0,0,0,0,0,0,0,0,1,0,2,1,0,1,1,0,1,1,0,0,0
Piloto,8,Austria,12,Franco Colapinto,Franco Colapinto,Alpine Mercedes,16,0,0,0,0,0,1,1,0,0,2,0,0,0,2,1,1,0,0,0,0,0,0,0,0,0,0,0,1,0,1,0,1,1,1,1,2,0,0,0,0,0,0
Piloto,8,Austria,13,Arvid Lindblad,Arvid Lindblad,Racing Bulls Red Bull Ford,14,0,0,0,0,0,0,1,1,1,1,0,1,0,2,0,0,0,0,0,0,0,0,0,0,0,0,0,0,2,2,1,0,0,0,2,1,0,0,0,0,0,0
Piloto,8,Austria,14,Carlos Sainz,Carlos Sainz,Williams Mercedes,6,0,0,0,0,0,0,0,0,3,0,0,1,0,0,2,1,0,0,0,0,0,0,0,0,0,0,0,0,0,0,0,1,1,0,1,2,2,0,0,0,0,0
Piloto,8,Austria,15,Alexander Albon,Alexander Albon,Williams Mercedes,5,0,0,0,0,0,0,0,1,0,1,0,1,0,0,0,0,1,0,0,1,0,0,0,0,0,0,0,0,0,0,1,0,0,0,2,0,1,4,0,0,0,0
Piloto,8,Austria,16,Esteban Ocon,Esteban Ocon,Haas Ferrari,3,0,0,0,0,0,0,0,0,1,1,1,0,2,2,0,1,0,0,0,0,0,0,0,0,0,0,0,0,0,0,0,1,2,1,1,0,3,0,0,0,0,0
Piloto,8,Austria,17,Gabriel Bortoleto,Gabriel Bortoleto,Audi,2,0,0,0,0,0,0,0,0,1,0,3,1,2,0,0,0,0,0,0,0,0,0,0,0,0,0,0,0,1,1,0,2,1,0,0,2,0,0,0,0,1,0
Piloto,8,Austria,18,Fernando Alonso,Fernando Alonso,Aston Martin Honda,1,0,0,0,0,0,0,0,0,0,1,0,0,0,0,1,0,0,2,0,0,0,0,0,0,0,0,0,0,0,0,0,0,0,0,0,0,2,0,2,0,3,1
Piloto,8,Austria,19,Nico Hulkenberg,Nico Hulkenberg,Audi,0,0,0,0,0,0,0,0,0,0,0,2,2,1,0,0,0,0,0,0,0,0,0,0,0,0,0,0,0,1,1,3,0,2,1,0,0,0,0,0,0,0,0
Piloto,8,Austria,20,Valtteri Bottas,Valtteri Bottas,Cadillac Ferrari,0,0,0,0,0,0,0,0,0,0,0,0,0,1,0,0,1,0,1,1,0,0,0,0,0,0,0,0,0,0,0,0,0,0,0,0,0,0,0,2,5,0,1
Piloto,8,Austria,21,Sergio Perez,Sergio Perez,Cadillac Ferrari,0,0,0,0,0,0,0,0,0,0,0,0,0,0,1,2,2,1,0,0,0,0,0,0,0,0,0,0,0,0,0,0,0,0,0,0,0,0,2,3,2,0,1
Piloto,8,Austria,22,Lance Stroll,Lance Stroll,Aston Martin Honda,0,0,0,0,0,0,0,0,0,0,0,0,0,0,0,1,0,1,0,0,0,0,0,0,0,0,0,0,0,0,0,0,0,0,0,0,0,0,1,0,0,3,3
Equipe,8,Austria,1,Mercedes,,Mercedes,302,7,3,1,2,0,0,0,0,0,0,0,1,0,0,0,1,0,0,0,0,8,4,1,1,1,1,0,0,0,0,0,0,0,0,0,0,0,0,0,0,0,0
Equipe,8,Austria,2,Ferrari,,Ferrari,204,1,2,3,3,1,2,0,2,0,0,0,0,0,0,1,0,0,0,0,0,0,2,4,4,1,2,1,1,0,1,0,0,0,0,0,0,0,0,0,0,0,0
Equipe,8,Austria,3,McLaren Mercedes,,McLaren Mercedes,159,0,2,2,1,4,0,1,0,0,0,1,0,0,0,0,0,0,0,0,0,0,0,2,3,3,3,4,1,0,0,0,0,0,0,0,0,0,0,0,0,0,0
Equipe,8,Austria,4,Red Bull Racing Red Bull Ford,,Red Bull Racing Red Bull Ford,115,0,1,1,2,2,3,0,2,0,0,0,1,0,0,0,0,0,0,0,0,0,2,1,0,3,2,1,3,1,0,1,0,0,0,0,0,0,0,0,0,0,0
Equipe,8,Austria,5,Alpine Mercedes,,Alpine Mercedes,57,0,0,1,0,0,2,3,1,0,3,0,0,1,2,1,1,0,0,0,0,0,0,0,0,0,0,2,1,2,1,1,1,1,4,1,2,0,0,0,0,0,0
Equipe,8,Austria,6,Racing Bulls Red Bull Ford,,Racing Bulls Red Bull Ford,44,0,0,0,0,0,1,3,2,3,1,0,1,1,2,0,0,0,0,0,0,0,0,0,0,0,0,0,2,3,3,2,1,0,2,2,1,0,0,0,0,0,0
Equipe,8,Austria,7,Haas Ferrari,,Haas Ferrari,21,0,0,0,0,1,0,1,0,1,2,2,0,2,3,0,1,1,0,0,0,0,0,0,0,0,0,0,0,0,1,0,3,3,1,2,1,3,1,1,0,0,0
Equipe,8,Austria,8,Williams Mercedes,,Williams Mercedes,11,0,0,0,0,0,0,0,1,3,1,0,2,0,0,2,1,1,0,0,1,0,0,0,0,0,0,0,0,0,0,1,1,1,0,3,2,3,4,0,0,0,0
Equipe,8,Austria,9,Audi,,Audi,2,0,0,0,0,0,0,0,0,1,0,5,3,3,0,0,0,0,0,0,0,0,0,0,0,0,0,0,0,2,2,3,2,3,1,0,2,0,0,0,0,1,0
Equipe,8,Austria,10,Aston Martin Honda,,Aston Martin Honda,1,0,0,0,0,0,0,0,0,0,1,0,0,0,0,2,0,1,2,0,0,0,0,0,0,0,0,0,0,0,0,0,0,0,0,0,0,2,1,2,0,6,4
Equipe,8,Austria,11,Cadillac Ferrari,,Cadillac Ferrari,0,0,0,0,0,0,0,0,0,0,0,0,0,1,1,2,3,1,1,1,0,0,0,0,0,0,0,0,0,0,0,0,0,0,0,0,0,0,2,5,7,0,2
Piloto,9,Great Britain,1,Kimi Antonelli,Kimi Antonelli,Mercedes,179,5,1,1,0,0,0,0,0,0,0,0,0,0,0,1,1,0,0,0,0,5,2,1,1,0,0,0,0,0,0,0,0,0,0,0,0,0,0,0,0,0,0
Piloto,9,Great Britain,2,George Russell,George Russell,Mercedes,154,2,3,0,2,0,0,0,0,0,0,0,1,0,0,0,0,0,0,0,0,4,2,0,1,1,1,0,0,0,0,0,0,0,0,0,0,0,0,0,0,0,0
Piloto,9,Great Britain,3,Lewis Hamilton,Lewis Hamilton,Ferrari,147,1,2,2,1,1,2,0,0,0,0,0,0,0,0,0,0,0,0,0,0,0,1,4,0,1,2,1,0,0,0,0,0,0,0,0,0,0,0,0,0,0,0
Piloto,9,Great Britain,4,Charles Leclerc,Charles Leclerc,Ferrari,108,1,0,2,2,0,0,0,2,0,0,0,0,0,0,1,0,0,0,0,0,0,2,1,4,0,0,0,1,0,1,0,0,0,0,0,0,0,0,0,0,0,0
Piloto,9,Great Britain,5,Lando Norris,Lando Norris,McLaren Mercedes,97,0,1,1,1,2,0,1,0,0,0,0,0,0,0,0,0,0,0,0,0,0,0,1,2,1,4,0,1,0,0,0,0,0,0,0,0,0,0,0,0,0,0
Piloto,9,Great Britain,6,Oscar Piastri,Oscar Piastri,McLaren Mercedes,82,0,1,1,1,2,0,0,0,0,0,2,0,0,0,0,0,0,0,0,0,0,0,1,1,2,0,4,1,0,0,0,0,0,0,0,0,0,0,0,0,0,0
Piloto,9,Great Britain,7,Max Verstappen,Max Verstappen,Red Bull Racing Red Bull Ford,76,0,1,1,1,1,1,0,1,0,0,0,0,0,0,0,0,0,0,0,1,0,2,0,0,2,1,1,1,0,0,1,0,0,0,0,0,0,0,0,0,0,0
Piloto,9,Great Britain,8,Isack Hadjar,Isack Hadjar,Red Bull Racing Red Bull Ford,52,0,0,0,1,2,2,0,1,0,0,0,1,0,0,0,0,0,0,0,0,0,0,1,0,2,1,1,2,1,0,0,0,0,0,0,0,0,0,0,0,0,0
Piloto,9,Great Britain,9,Pierre Gasly,Pierre Gasly,Alpine Mercedes,42,0,0,1,0,0,1,2,1,0,2,0,0,1,0,0,0,0,0,0,0,0,0,0,0,0,0,2,0,2,0,1,1,0,3,0,0,0,0,0,0,0,0
Piloto,9,Great Britain,10,Liam Lawson,Liam Lawson,Racing Bulls Red Bull Ford,39,0,0,0,0,0,2,2,1,2,0,0,0,1,0,0,0,0,0,0,0,0,0,0,0,0,0,0,2,1,2,1,1,0,2,0,0,0,0,0,0,0,0
Piloto,9,Great Britain,11,Arvid Lindblad,Arvid Lindblad,Racing Bulls Red Bull Ford,20,0,0,0,0,0,0,2,1,1,1,0,1,0,2,0,0,0,0,0,0,0,0,0,0,0,0,0,0,3,2,1,0,0,0,2,1,0,0,0,0,0,0
Piloto,9,Great Britain,12,Oliver Bearman,Oliver Bearman,Haas Ferrari,18,0,0,0,0,1,0,1,0,0,1,1,1,0,1,0,0,1,0,0,0,0,0,0,0,0,0,0,0,0,1,0,2,1,1,1,1,0,1,1,0,0,0
Piloto,9,Great Britain,13,Franco Colapinto,Franco Colapinto,Alpine Mercedes,18,0,0,0,0,0,1,1,0,1,2,0,0,0,2,1,1,0,0,0,0,0,0,0,0,0,0,0,1,0,1,0,1,1,1,1,2,0,0,1,0,0,0
Piloto,9,Great Britain,14,Gabriel Bortoleto,Gabriel Bortoleto,Audi,6,0,0,0,0,0,0,0,1,1,0,3,1,2,0,0,0,0,0,0,0,0,0,0,0,0,0,0,0,1,1,1,2,1,0,0,2,0,0,0,0,1,0
Piloto,9,Great Britain,15,Carlos Sainz,Carlos Sainz,Williams Mercedes,6,0,0,0,0,0,0,0,0,3,0,0,1,0,0,2,1,1,0,0,0,0,0,0,0,0,0,0,0,0,0,0,1,1,0,2,2,2,0,0,0,0,0
Piloto,9,Great Britain,16,Alexander Albon,Alexander Albon,Williams Mercedes,5,0,0,0,0,0,0,0,1,0,1,0,1,0,0,0,0,1,0,0,1,0,0,0,0,0,0,0,0,0,0,1,0,0,0,2,1,1,4,0,0,0,0
Piloto,9,Great Britain,17,Esteban Ocon,Esteban Ocon,Haas Ferrari,3,0,0,0,0,0,0,0,0,1,1,1,0,3,2,0,1,0,0,0,0,0,0,0,0,0,0,0,0,0,0,0,1,2,1,1,0,4,0,0,0,0,0
Piloto,9,Great Britain,18,Fernando Alonso,Fernando Alonso,Aston Martin Honda,1,0,0,0,0,0,0,0,0,0,1,0,0,0,0,1,0,0,3,0,0,0,0,0,0,0,0,0,0,0,0,0,0,0,0,0,0,2,0,2,0,3,2
Piloto,9,Great Britain,19,Nico Hulkenberg,Nico Hulkenberg,Audi,0,0,0,0,0,0,0,0,0,0,0,2,2,1,0,0,0,0,0,0,0,0,0,0,0,0,0,0,0,1,1,3,0,3,1,0,0,0,0,0,0,0,0
Piloto,9,Great Britain,20,Valtteri Bottas,Valtteri Bottas,Cadillac Ferrari,0,0,0,0,0,0,0,0,0,0,0,0,0,1,0,0,2,0,1,1,0,0,0,0,0,0,0,0,0,0,0,0,0,0,0,0,0,0,1,2,5,0,1
Piloto,9,Great Britain,21,Sergio Perez,Sergio Perez,Cadillac Ferrari,0,0,0,0,0,0,0,0,0,0,0,0,0,0,2,2,2,1,0,0,0,0,0,0,0,0,0,0,0,0,0,0,0,0,0,0,0,0,2,3,3,0,1
Piloto,9,Great Britain,22,Lance Stroll,Lance Stroll,Aston Martin Honda,0,0,0,0,0,0,0,0,0,0,0,0,0,0,0,1,0,1,0,1,0,0,0,0,0,0,0,0,0,0,0,0,0,0,0,0,0,0,1,0,0,4,3
Equipe,9,Great Britain,1,Mercedes,,Mercedes,333,7,4,1,2,0,0,0,0,0,0,0,1,0,0,1,1,0,0,0,0,9,4,1,2,1,1,0,0,0,0,0,0,0,0,0,0,0,0,0,0,0,0
Equipe,9,Great Britain,2,Ferrari,,Ferrari,255,2,2,4,3,1,2,0,2,0,0,0,0,0,0,1,0,0,0,0,0,0,3,5,4,1,2,1,1,0,1,0,0,0,0,0,0,0,0,0,0,0,0
Equipe,9,Great Britain,3,McLaren Mercedes,,McLaren Mercedes,179,0,2,2,2,4,0,1,0,0,0,2,0,0,0,0,0,0,0,0,0,0,0,2,3,3,4,4,2,0,0,0,0,0,0,0,0,0,0,0,0,0,0
Equipe,9,Great Britain,4,Red Bull Racing Red Bull Ford,,Red Bull Racing Red Bull Ford,128,0,1,1,2,3,3,0,2,0,0,0,1,0,0,0,0,0,0,0,1,0,2,1,0,4,2,2,3,1,0,1,0,0,0,0,0,0,0,0,0,0,0
Equipe,9,Great Britain,5,Alpine Mercedes,,Alpine Mercedes,60,0,0,1,0,0,2,3,1,1,4,0,0,1,2,1,1,0,0,0,0,0,0,0,0,0,0,2,1,2,1,1,2,1,4,1,2,0,0,1,0,0,0
Equipe,9,Great Britain,6,Racing Bulls Red Bull Ford,,Racing Bulls Red Bull Ford,59,0,0,0,0,0,2,4,2,3,1,0,1,1,2,0,0,0,0,0,0,0,0,0,0,0,0,0,2,4,4,2,1,0,2,2,1,0,0,0,0,0,0
Equipe,9,Great Britain,7,Haas Ferrari,,Haas Ferrari,21,0,0,0,0,1,0,1,0,1,2,2,1,3,3,0,1,1,0,0,0,0,0,0,0,0,0,0,0,0,1,0,3,3,2,2,1,4,1,1,0,0,0
Equipe,9,Great Britain,8,Williams Mercedes,,Williams Mercedes,11,0,0,0,0,0,0,0,1,3,1,0,2,0,0,2,1,2,0,0,1,0,0,0,0,0,0,0,0,0,0,1,1,1,0,4,3,3,4,0,0,0,0
Equipe,9,Great Britain,9,Audi,,Audi,6,0,0,0,0,0,0,0,1,1,0,5,3,3,0,0,0,0,0,0,0,0,0,0,0,0,0,0,0,2,2,4,2,4,1,0,2,0,0,0,0,1,0
Equipe,9,Great Britain,10,Aston Martin Honda,,Aston Martin Honda,1,0,0,0,0,0,0,0,0,0,1,0,0,0,0,2,0,1,3,1,0,0,0,0,0,0,0,0,0,0,0,0,0,0,0,0,0,2,1,2,0,7,5
Equipe,9,Great Britain,11,Cadillac Ferrari,,Cadillac Ferrari,0,0,0,0,0,0,0,0,0,0,0,0,0,1,2,2,4,1,1,1,0,0,0,0,0,0,0,0,0,0,0,0,0,0,0,0,0,0,3,5,8,0,2
Piloto,10,Belgium,1,Kimi Antonelli,Kimi Antonelli,Mercedes,204,6,1,1,0,0,0,0,0,0,0,0,0,0,0,1,1,0,0,0,0,6,2,1,1,0,0,0,0,0,0,0,0,0,0,0,0,0,0,0,0,0,0
Piloto,10,Belgium,2,Lewis Hamilton,Lewis Hamilton,Ferrari,159,1,2,2,2,1,2,0,0,0,0,0,0,0,0,0,0,0,0,0,0,0,1,4,0,1,3,1,0,0,0,0,0,0,0,0,0,0,0,0,0,0,0
Piloto,10,Belgium,3,George Russell,George Russell,Mercedes,154,2,3,0,2,0,0,0,0,0,0,0,1,0,0,0,0,0,0,0,0,4,2,0,2,1,1,0,0,0,0,0,0,0,0,0,0,0,0,0,0,0,0
Piloto,10,Belgium,4,Charles Leclerc,Charles Leclerc,Ferrari,126,1,1,2,2,0,0,0,2,0,0,0,0,0,0,1,0,0,0,0,0,0,2,1,4,1,0,0,1,0,1,0,0,0,0,0,0,0,0,0,0,0,0
Piloto,10,Belgium,5,Lando Norris,Lando Norris,McLaren Mercedes,103,0,1,1,1,2,0,2,0,0,0,0,0,0,0,0,0,0,0,0,0,0,0,2,2,1,4,0,1,0,0,0,0,0,0,0,0,0,0,0,0,0,0
Piloto,10,Belgium,6,Oscar Piastri,Oscar Piastri,McLaren Mercedes,92,0,1,1,1,3,0,0,0,0,0,2,0,0,0,0,0,0,0,0,0,0,0,1,1,2,0,5,1,0,0,0,0,0,0,0,0,0,0,0,0,0,0
Piloto,10,Belgium,7,Max Verstappen,Max Verstappen,Red Bull Racing Red Bull Ford,91,0,1,2,1,1,1,0,1,0,0,0,0,0,0,0,0,0,0,0,1,0,3,0,0,2,1,1,1,0,0,1,0,0,0,0,0,0,0,0,0,0,0
Piloto,10,Belgium,8,Isack Hadjar,Isack Hadjar,Red Bull Racing Red Bull Ford,60,0,0,0,1,2,3,0,1,0,0,0,1,0,0,0,0,0,0,0,0,0,0,1,0,2,1,1,2,1,1,0,0,0,0,0,0,0,0,0,0,0,0
Piloto,10,Belgium,9,Pierre Gasly,Pierre Gasly,Alpine Mercedes,42,0,0,1,0,0,1,2,1,0,2,1,0,1,0,0,0,0,0,0,0,0,0,0,0,0,0,2,0,2,0,1,2,0,3,0,0,0,0,0,0,0,0
Piloto,10,Belgium,10,Liam Lawson,Liam Lawson,Racing Bulls Red Bull Ford,39,0,0,0,0,0,2,2,1,2,0,0,1,1,0,0,0,0,0,0,0,0,0,0,0,0,0,0,2,1,2,2,1,0,2,0,0,0,0,0,0,0,0
Piloto,10,Belgium,11,Arvid Lindblad,Arvid Lindblad,Racing Bulls Red Bull Ford,22,0,0,0,0,0,0,2,1,2,1,0,1,0,2,0,0,0,0,0,0,0,0,0,0,0,0,0,1,3,2,1,0,0,0,2,1,0,0,0,0,0,0
Piloto,10,Belgium,12,Franco Colapinto,Franco Colapinto,Alpine Mercedes,19,0,0,0,0,0,1,1,0,1,3,0,0,0,2,1,1,0,0,0,0,0,0,0,0,0,0,0,1,0,1,0,1,2,1,1,2,0,0,1,0,0,0
Piloto,10,Belgium,13,Oliver Bearman,Oliver Bearman,Haas Ferrari,18,0,0,0,0,1,0,1,0,0,1,1,1,0,2,0,0,1,0,0,0,0,0,0,0,0,0,0,0,0,1,0,2,1,1,1,2,0,1,1,0,0,0
Piloto,10,Belgium,14,Gabriel Bortoleto,Gabriel Bortoleto,Audi,10,0,0,0,0,0,0,0,2,1,0,3,1,2,0,0,0,0,0,0,0,0,0,0,0,0,0,0,0,2,1,1,2,1,0,0,2,0,0,0,0,1,0
Piloto,10,Belgium,15,Carlos Sainz,Carlos Sainz,Williams Mercedes,6,0,0,0,0,0,0,0,0,3,0,0,1,0,0,2,2,1,0,0,0,0,0,0,0,0,0,0,0,0,0,0,1,1,0,3,2,2,0,0,0,0,0
Piloto,10,Belgium,16,Alexander Albon,Alexander Albon,Williams Mercedes,5,0,0,0,0,0,0,0,1,0,1,0,1,0,0,1,0,1,0,0,1,0,0,0,0,0,0,0,0,0,0,1,0,0,0,2,1,2,4,0,0,0,0
Piloto,10,Belgium,17,Esteban Ocon,Esteban Ocon,Haas Ferrari,3,0,0,0,0,0,0,0,0,1,1,1,0,3,2,0,1,1,0,0,0,0,0,0,0,0,0,0,0,0,0,0,1,2,1,1,0,4,1,0,0,0,0
Piloto,10,Belgium,18,Fernando Alonso,Fernando Alonso,Aston Martin Honda,1,0,0,0,0,0,0,0,0,0,1,0,0,0,0,1,0,0,3,1,0,0,0,0,0,0,0,0,0,0,0,0,0,0,0,0,0,2,0,2,0,4,2
Piloto,10,Belgium,19,Nico Hulkenberg,Nico Hulkenberg,Audi,0,0,0,0,0,0,0,0,0,0,0,2,2,2,0,0,0,0,0,0,0,0,0,0,0,0,0,0,0,1,1,3,0,3,2,0,0,0,0,0,0,0,0
Piloto,10,Belgium,20,Valtteri Bottas,Valtteri Bottas,Cadillac Ferrari,0,0,0,0,0,0,0,0,0,0,0,0,0,1,0,0,2,0,2,1,0,0,0,0,0,0,0,0,0,0,0,0,0,0,0,0,0,0,1,3,5,0,1
Piloto,10,Belgium,21,Sergio Perez,Sergio Perez,Cadillac Ferrari,0,0,0,0,0,0,0,0,0,0,0,0,0,0,2,2,2,1,0,0,0,0,0,0,0,0,0,0,0,0,0,0,0,0,0,0,0,0,2,3,4,0,1
Piloto,10,Belgium,22,Lance Stroll,Lance Stroll,Aston Martin Honda,0,0,0,0,0,0,0,0,0,0,0,0,0,0,0,1,0,1,0,1,0,0,0,0,0,0,0,0,0,0,0,0,0,0,0,0,0,0,1,0,0,4,4
Equipe,10,Belgium,1,Mercedes,,Mercedes,358,8,4,1,2,0,0,0,0,0,0,0,1,0,0,1,1,0,0,0,0,10,4,1,3,1,1,0,0,0,0,0,0,0,0,0,0,0,0,0,0,0,0
Equipe,10,Belgium,2,Ferrari,,Ferrari,285,2,3,4,4,1,2,0,2,0,0,0,0,0,0,1,0,0,0,0,0,0,3,5,4,2,3,1,1,0,1,0,0,0,0,0,0,0,0,0,0,0,0
Equipe,10,Belgium,3,McLaren Mercedes,,McLaren Mercedes,195,0,2,2,2,5,0,2,0,0,0,2,0,0,0,0,0,0,0,0,0,0,0,3,3,3,4,5,2,0,0,0,0,0,0,0,0,0,0,0,0,0,0
Equipe,10,Belgium,4,Red Bull Racing Red Bull Ford,,Red Bull Racing Red Bull Ford,151,0,1,2,2,3,4,0,2,0,0,0,1,0,0,0,0,0,0,0,1,0,3,1,0,4,2,2,3,1,1,1,0,0,0,0,0,0,0,0,0,0,0
Equipe,10,Belgium,5,Alpine Mercedes,,Alpine Mercedes,61,0,0,1,0,0,2,3,1,1,5,1,0,1,2,1,1,0,0,0,0,0,0,0,0,0,0,2,1,2,1,1,3,2,4,1,2,0,0,1,0,0,0
Equipe,10,Belgium,6,Racing Bulls Red Bull Ford,,Racing Bulls Red Bull Ford,61,0,0,0,0,0,2,4,2,4,1,0,2,1,2,0,0,0,0,0,0,0,0,0,0,0,0,0,3,4,4,3,1,0,2,2,1,0,0,0,0,0,0
Equipe,10,Belgium,7,Haas Ferrari,,Haas Ferrari,21,0,0,0,0,1,0,1,0,1,2,2,1,3,4,0,1,2,0,0,0,0,0,0,0,0,0,0,0,0,1,0,3,3,2,2,2,4,2,1,0,0,0
Equipe,10,Belgium,8,Williams Mercedes,,Williams Mercedes,11,0,0,0,0,0,0,0,1,3,1,0,2,0,0,3,2,2,0,0,1,0,0,0,0,0,0,0,0,0,0,1,1,1,0,5,3,4,4,0,0,0,0
Equipe,10,Belgium,9,Audi,,Audi,10,0,0,0,0,0,0,0,2,1,0,5,3,4,0,0,0,0,0,0,0,0,0,0,0,0,0,0,0,3,2,4,2,4,2,0,2,0,0,0,0,1,0
Equipe,10,Belgium,10,Aston Martin Honda,,Aston Martin Honda,1,0,0,0,0,0,0,0,0,0,1,0,0,0,0,2,0,1,3,2,0,0,0,0,0,0,0,0,0,0,0,0,0,0,0,0,0,2,1,2,0,8,6
Equipe,10,Belgium,11,Cadillac Ferrari,,Cadillac Ferrari,0,0,0,0,0,0,0,0,0,0,0,0,0,1,2,2,4,1,2,1,0,0,0,0,0,0,0,0,0,0,0,0,0,0,0,0,0,0,3,6,9,0,2
Piloto,11,Hungary,1,Kimi Antonelli,Kimi Antonelli,Mercedes,219,6,1,2,0,0,0,0,0,0,0,0,0,0,0,1,1,0,0,0,0,6,2,1,2,0,0,0,0,0,0,0,0,0,0,0,0,0,0,0,0,0,0
Piloto,11,Hungary,2,Lewis Hamilton,Lewis Hamilton,Ferrari,169,1,2,2,2,2,2,0,0,0,0,0,0,0,0,0,0,0,0,0,0,0,2,4,0,1,3,1,0,0,0,0,0,0,0,0,0,0,0,0,0,0,0
Piloto,11,Hungary,3,George Russell,George Russell,Mercedes,160,2,3,0,2,0,0,1,0,0,0,0,1,0,0,0,0,0,0,0,0,4,2,0,2,1,1,1,0,0,0,0,0,0,0,0,0,0,0,0,0,0,0
Piloto,11,Hungary,4,Charles Leclerc,Charles Leclerc,Ferrari,138,1,1,2,3,0,0,0,2,0,0,0,0,0,0,1,0,0,0,0,0,0,2,2,4,1,0,0,1,0,1,0,0,0,0,0,0,0,0,0,0,0,0
Piloto,11,Hungary,5,Lando Norris,Lando Norris,McLaren Mercedes,128,1,1,1,1,2,0,2,0,0,0,0,0,0,0,0,0,0,0,0,0,1,0,2,2,1,4,0,1,0,0,0,0,0,0,0,0,0,0,0,0,0,0
Piloto,11,Hungary,6,Max Verstappen,Max Verstappen,Red Bull Racing Red Bull Ford,109,0,2,2,1,1,1,0,1,0,0,0,0,0,0,0,0,0,0,0,1,0,3,0,0,2,2,1,1,0,0,1,0,0,0,0,0,0,0,0,0,0,0
Piloto,11,Hungary,7,Oscar Piastri,Oscar Piastri,McLaren Mercedes,92,0,1,1,1,3,0,0,0,0,0,2,0,0,0,0,0,0,0,0,0,0,0,1,1,3,0,5,1,0,0,0,0,0,0,0,0,0,0,0,0,0,0
Piloto,11,Hungary,8,Isack Hadjar,Isack Hadjar,Red Bull Racing Red Bull Ford,68,0,0,0,1,2,4,0,1,0,0,0,1,0,0,0,0,0,0,0,0,0,0,1,0,2,1,1,3,1,1,0,0,0,0,0,0,0,0,0,0,0,0
Piloto,11,Hungary,9,Liam Lawson,Liam Lawson,Racing Bulls Red Bull Ford,43,0,0,0,0,0,2,2,2,2,0,0,1,1,0,0,0,0,0,0,0,0,0,0,0,0,0,0,2,1,2,3,1,0,2,0,0,0,0,0,0,0,0
Piloto,11,Hungary,10,Pierre Gasly,Pierre Gasly,Alpine Mercedes,42,0,0,1,0,0,1,2,1,0,2,1,1,1,0,0,0,0,0,0,0,0,0,0,0,0,0,2,0,2,0,1,3,0,3,0,0,0,0,0,0,0,0
Piloto,11,Hungary,11,Arvid Lindblad,Arvid Lindblad,Racing Bulls Red Bull Ford,22,0,0,0,0,0,0,2,1,2,2,0,1,0,2,0,0,0,0,0,0,0,0,0,0,0,0,0,1,4,2,1,0,0,0,2,1,0,0,0,0,0,0
Piloto,11,Hungary,12,Franco Colapinto,Franco Colapinto,Alpine Mercedes,19,0,0,0,0,0,1,1,0,1,3,0,0,0,2,2,1,0,0,0,0,0,0,0,0,0,0,0,1,0,1,0,1,3,1,1,2,0,0,1,0,0,0
Piloto,11,Hungary,13,Oliver Bearman,Oliver Bearman,Haas Ferrari,18,0,0,0,0,1,0,1,0,0,1,1,1,0,2,0,0,1,0,1,0,0,0,0,0,0,0,0,0,0,1,0,2,1,1,1,2,1,1,1,0,0,0
Piloto,11,Hungary,14,Gabriel Bortoleto,Gabriel Bortoleto,Audi,10,0,0,0,0,0,0,0,2,1,0,4,1,2,0,0,0,0,0,0,0,0,0,0,0,0,0,0,0,2,1,1,2,1,1,0,2,0,0,0,0,1,0
Piloto,11,Hungary,15,Carlos Sainz,Carlos Sainz,Williams Mercedes,6,0,0,0,0,0,0,0,0,3,0,0,1,0,0,2,2,1,1,0,0,0,0,0,0,0,0,0,0,0,0,0,1,1,0,3,2,2,1,0,0,0,0
Piloto,11,Hungary,16,Alexander Albon,Alexander Albon,Williams Mercedes,5,0,0,0,0,0,0,0,1,0,1,0,1,0,0,1,0,2,0,0,1,0,0,0,0,0,0,0,0,0,0,1,0,0,0,2,1,2,4,1,0,0,0
Piloto,11,Hungary,17,Esteban Ocon,Esteban Ocon,Haas Ferrari,3,0,0,0,0,0,0,0,0,1,1,1,0,3,2,0,2,1,0,0,0,0,0,0,0,0,0,0,0,0,0,0,1,2,1,2,0,4,1,0,0,0,0
Piloto,11,Hungary,18,Nico Hulkenberg,Nico Hulkenberg,Audi,2,0,0,0,0,0,0,0,0,1,0,2,2,2,0,0,0,0,0,0,0,0,0,0,0,0,0,0,0,1,2,3,0,3,2,0,0,0,0,0,0,0,0
Piloto,11,Hungary,19,Fernando Alonso,Fernando Alonso,Aston Martin Honda,1,0,0,0,0,0,0,0,0,0,1,0,0,0,1,1,0,0,3,1,0,0,0,0,0,0,0,0,0,0,0,0,0,0,0,0,1,2,0,2,0,4,2
Piloto,11,Hungary,20,Lance Stroll,Lance Stroll,Aston Martin Honda,0,0,0,0,0,0,0,0,0,0,0,0,0,1,0,1,0,1,0,1,0,0,0,0,0,0,0,0,0,0,0,0,0,0,0,0,0,0,1,0,1,4,4
Piloto,11,Hungary,21,Valtteri Bottas,Valtteri Bottas,Cadillac Ferrari,0,0,0,0,0,0,0,0,0,0,0,0,0,1,0,0,2,0,2,1,0,0,0,0,0,0,0,0,0,0,0,0,0,0,0,0,0,0,1,3,5,1,1
Piloto,11,Hungary,22,Sergio Perez,Sergio Perez,Cadillac Ferrari,0,0,0,0,0,0,0,0,0,0,0,0,0,0,2,2,2,1,0,0,0,0,0,0,0,0,0,0,0,0,0,0,0,0,0,0,0,0,2,3,4,0,2
Equipe,11,Hungary,1,Mercedes,,Mercedes,379,8,4,2,2,0,0,1,0,0,0,0,1,0,0,1,1,0,0,0,0,10,4,1,4,1,1,1,0,0,0,0,0,0,0,0,0,0,0,0,0,0,0
Equipe,11,Hungary,2,Ferrari,,Ferrari,307,2,3,4,5,2,2,0,2,0,0,0,0,0,0,1,0,0,0,0,0,0,4,6,4,2,3,1,1,0,1,0,0,0,0,0,0,0,0,0,0,0,0
Equipe,11,Hungary,3,McLaren Mercedes,,McLaren Mercedes,220,1,2,2,2,5,0,2,0,0,0,2,0,0,0,0,0,0,0,0,0,1,0,3,3,4,4,5,2,0,0,0,0,0,0,0,0,0,0,0,0,0,0
Equipe,11,Hungary,4,Red Bull Racing Red Bull Ford,,Red Bull Racing Red Bull Ford,177,0,2,2,2,3,5,0,2,0,0,0,1,0,0,0,0,0,0,0,1,0,3,1,0,4,3,2,4,1,1,1,0,0,0,0,0,0,0,0,0,0,0
Equipe,11,Hungary,5,Racing Bulls Red Bull Ford,,Racing Bulls Red Bull Ford,65,0,0,0,0,0,2,4,3,4,2,0,2,1,2,0,0,0,0,0,0,0,0,0,0,0,0,0,3,5,4,4,1,0,2,2,1,0,0,0,0,0,0
Equipe,11,Hungary,6,Alpine Mercedes,,Alpine Mercedes,61,0,0,1,0,0,2,3,1,1,5,1,1,1,2,2,1,0,0,0,0,0,0,0,0,0,0,2,1,2,1,1,4,3,4,1,2,0,0,1,0,0,0
Equipe,11,Hungary,7,Haas Ferrari,,Haas Ferrari,21,0,0,0,0,1,0,1,0,1,2,2,1,3,4,0,2,2,0,1,0,0,0,0,0,0,0,0,0,0,1,0,3,3,2,3,2,5,2,1,0,0,0
Equipe,11,Hungary,8,Audi,,Audi,12,0,0,0,0,0,0,0,2,2,0,6,3,4,0,0,0,0,0,0,0,0,0,0,0,0,0,0,0,3,3,4,2,4,3,0,2,0,0,0,0,1,0
Equipe,11,Hungary,9,Williams Mercedes,,Williams Mercedes,11,0,0,0,0,0,0,0,1,3,1,0,2,0,0,3,2,3,1,0,1,0,0,0,0,0,0,0,0,0,0,1,1,1,0,5,3,4,5,1,0,0,0
Equipe,11,Hungary,10,Aston Martin Honda,,Aston Martin Honda,1,0,0,0,0,0,0,0,0,0,1,0,0,1,1,2,0,1,3,2,0,0,0,0,0,0,0,0,0,0,0,0,0,0,0,0,1,2,1,2,1,8,6
Equipe,11,Hungary,11,Cadillac Ferrari,,Cadillac Ferrari,0,0,0,0,0,0,0,0,0,0,0,0,0,1,2,2,4,1,2,1,0,0,0,0,0,0,0,0,0,0,0,0,0,0,0,0,0,0,3,6,9,1,3
